[debug] [2026-04-01T20:29:15.018Z] ----------------------------------------------------------------------
[debug] [2026-04-01T20:29:15.023Z] Command:       /opt/homebrew/Cellar/node@22/22.16.0/bin/node /opt/homebrew/bin/firebase deploy --only functions
[debug] [2026-04-01T20:29:15.023Z] CLI Version:   14.5.1
[debug] [2026-04-01T20:29:15.023Z] Platform:      darwin
[debug] [2026-04-01T20:29:15.023Z] Node Version:  v22.16.0
[debug] [2026-04-01T20:29:15.024Z] Time:          Wed Apr 01 2026 21:29:15 GMT+0100 (British Summer Time)
[debug] [2026-04-01T20:29:15.024Z] ----------------------------------------------------------------------
[debug] 
[debug] [2026-04-01T20:29:15.090Z] > command requires scopes: ["email","openid","https://www.googleapis.com/auth/cloudplatformprojects.readonly","https://www.googleapis.com/auth/firebase","https://www.googleapis.com/auth/cloud-platform"]
[debug] [2026-04-01T20:29:15.090Z] > authorizing via signed-in user (tariqzain678@gmail.com)
[debug] [2026-04-01T20:29:15.090Z] [iam] checking project spillll for permissions ["cloudfunctions.functions.create","cloudfunctions.functions.delete","cloudfunctions.functions.get","cloudfunctions.functions.list","cloudfunctions.functions.update","cloudfunctions.operations.get","firebase.projects.get"]
[debug] [2026-04-01T20:29:15.090Z] Checked if tokens are valid: true, expires at: 1775077054830
[debug] [2026-04-01T20:29:15.090Z] Checked if tokens are valid: true, expires at: 1775077054830
[debug] [2026-04-01T20:29:15.091Z] >>> [apiv2][query] POST https://cloudresourcemanager.googleapis.com/v1/projects/spillll:testIamPermissions [none]
[debug] [2026-04-01T20:29:15.091Z] >>> [apiv2][(partial)header] POST https://cloudresourcemanager.googleapis.com/v1/projects/spillll:testIamPermissions x-goog-quota-user=projects/spillll
[debug] [2026-04-01T20:29:15.091Z] >>> [apiv2][body] POST https://cloudresourcemanager.googleapis.com/v1/projects/spillll:testIamPermissions {"permissions":["cloudfunctions.functions.create","cloudfunctions.functions.delete","cloudfunctions.functions.get","cloudfunctions.functions.list","cloudfunctions.functions.update","cloudfunctions.operations.get","firebase.projects.get"]}
[debug] [2026-04-01T20:29:15.753Z] <<< [apiv2][status] POST https://cloudresourcemanager.googleapis.com/v1/projects/spillll:testIamPermissions 200
[debug] [2026-04-01T20:29:15.753Z] <<< [apiv2][body] POST https://cloudresourcemanager.googleapis.com/v1/projects/spillll:testIamPermissions {"permissions":["cloudfunctions.functions.create","cloudfunctions.functions.delete","cloudfunctions.functions.get","cloudfunctions.functions.list","cloudfunctions.functions.update","cloudfunctions.operations.get","firebase.projects.get"]}
[debug] [2026-04-01T20:29:15.753Z] Checked if tokens are valid: true, expires at: 1775077054830
[debug] [2026-04-01T20:29:15.753Z] Checked if tokens are valid: true, expires at: 1775077054830
[debug] [2026-04-01T20:29:15.753Z] >>> [apiv2][query] POST https://iam.googleapis.com/v1/projects/spillll/serviceAccounts/spillll@appspot.gserviceaccount.com:testIamPermissions [none]
[debug] [2026-04-01T20:29:15.753Z] >>> [apiv2][body] POST https://iam.googleapis.com/v1/projects/spillll/serviceAccounts/spillll@appspot.gserviceaccount.com:testIamPermissions {"permissions":["iam.serviceAccounts.actAs"]}
[debug] [2026-04-01T20:29:16.399Z] <<< [apiv2][status] POST https://iam.googleapis.com/v1/projects/spillll/serviceAccounts/spillll@appspot.gserviceaccount.com:testIamPermissions 200
[debug] [2026-04-01T20:29:16.399Z] <<< [apiv2][body] POST https://iam.googleapis.com/v1/projects/spillll/serviceAccounts/spillll@appspot.gserviceaccount.com:testIamPermissions {"permissions":["iam.serviceAccounts.actAs"]}
[info] 
[info] === Deploying to 'spillll'...
[info] 
[info] i  deploying functions 
[info] ✔  functions: Finished running predeploy script. 
[debug] [2026-04-01T20:29:16.405Z] Checked if tokens are valid: true, expires at: 1775077054830
[debug] [2026-04-01T20:29:16.405Z] Checked if tokens are valid: true, expires at: 1775077054830
[debug] [2026-04-01T20:29:16.405Z] >>> [apiv2][query] GET https://serviceusage.googleapis.com/v1/projects/spillll/services/cloudresourcemanager.googleapis.com [none]
[debug] [2026-04-01T20:29:16.405Z] >>> [apiv2][(partial)header] GET https://serviceusage.googleapis.com/v1/projects/spillll/services/cloudresourcemanager.googleapis.com x-goog-quota-user=projects/spillll
[debug] [2026-04-01T20:29:17.308Z] <<< [apiv2][status] GET https://serviceusage.googleapis.com/v1/projects/spillll/services/cloudresourcemanager.googleapis.com 200
[debug] [2026-04-01T20:29:17.308Z] <<< [apiv2][body] GET https://serviceusage.googleapis.com/v1/projects/spillll/services/cloudresourcemanager.googleapis.com [omitted]
[debug] [2026-04-01T20:29:17.309Z] Checked if tokens are valid: true, expires at: 1775077054830
[debug] [2026-04-01T20:29:17.309Z] Checked if tokens are valid: true, expires at: 1775077054830
[debug] [2026-04-01T20:29:17.309Z] >>> [apiv2][query] GET https://cloudresourcemanager.googleapis.com/v1/projects/spillll [none]
[debug] [2026-04-01T20:29:17.478Z] <<< [apiv2][status] GET https://cloudresourcemanager.googleapis.com/v1/projects/spillll 200
[debug] [2026-04-01T20:29:17.479Z] <<< [apiv2][body] GET https://cloudresourcemanager.googleapis.com/v1/projects/spillll {"projectNumber":"556048303589","projectId":"spillll","lifecycleState":"ACTIVE","name":"spill","labels":{"firebase":"enabled","firebase-core":"disabled"},"createTime":"2026-02-12T10:46:01.653017Z"}
[info] i  functions: preparing codebase default for deployment 
[info] i  functions: ensuring required API cloudfunctions.googleapis.com is enabled... 
[debug] [2026-04-01T20:29:17.480Z] Checked if tokens are valid: true, expires at: 1775077054830
[debug] [2026-04-01T20:29:17.480Z] Checked if tokens are valid: true, expires at: 1775077054830
[debug] [2026-04-01T20:29:17.480Z] Checked if tokens are valid: true, expires at: 1775077054830
[debug] [2026-04-01T20:29:17.480Z] Checked if tokens are valid: true, expires at: 1775077054830
[info] i  functions: ensuring required API cloudbuild.googleapis.com is enabled... 
[debug] [2026-04-01T20:29:17.481Z] Checked if tokens are valid: true, expires at: 1775077054830
[debug] [2026-04-01T20:29:17.481Z] Checked if tokens are valid: true, expires at: 1775077054830
[info] i  artifactregistry: ensuring required API artifactregistry.googleapis.com is enabled... 
[debug] [2026-04-01T20:29:17.481Z] Checked if tokens are valid: true, expires at: 1775077054830
[debug] [2026-04-01T20:29:17.481Z] Checked if tokens are valid: true, expires at: 1775077054830
[debug] [2026-04-01T20:29:17.481Z] >>> [apiv2][query] GET https://serviceusage.googleapis.com/v1/projects/spillll/services/cloudfunctions.googleapis.com [none]
[debug] [2026-04-01T20:29:17.481Z] >>> [apiv2][(partial)header] GET https://serviceusage.googleapis.com/v1/projects/spillll/services/cloudfunctions.googleapis.com x-goog-quota-user=projects/spillll
[debug] [2026-04-01T20:29:17.482Z] >>> [apiv2][query] GET https://serviceusage.googleapis.com/v1/projects/spillll/services/runtimeconfig.googleapis.com [none]
[debug] [2026-04-01T20:29:17.482Z] >>> [apiv2][(partial)header] GET https://serviceusage.googleapis.com/v1/projects/spillll/services/runtimeconfig.googleapis.com x-goog-quota-user=projects/spillll
[debug] [2026-04-01T20:29:17.484Z] >>> [apiv2][query] GET https://serviceusage.googleapis.com/v1/projects/spillll/services/cloudbuild.googleapis.com [none]
[debug] [2026-04-01T20:29:17.484Z] >>> [apiv2][(partial)header] GET https://serviceusage.googleapis.com/v1/projects/spillll/services/cloudbuild.googleapis.com x-goog-quota-user=projects/spillll
[debug] [2026-04-01T20:29:17.486Z] >>> [apiv2][query] GET https://serviceusage.googleapis.com/v1/projects/spillll/services/artifactregistry.googleapis.com [none]
[debug] [2026-04-01T20:29:17.487Z] >>> [apiv2][(partial)header] GET https://serviceusage.googleapis.com/v1/projects/spillll/services/artifactregistry.googleapis.com x-goog-quota-user=projects/spillll
[debug] [2026-04-01T20:29:18.332Z] <<< [apiv2][status] GET https://serviceusage.googleapis.com/v1/projects/spillll/services/runtimeconfig.googleapis.com 200
[debug] [2026-04-01T20:29:18.332Z] <<< [apiv2][body] GET https://serviceusage.googleapis.com/v1/projects/spillll/services/runtimeconfig.googleapis.com [omitted]
[debug] [2026-04-01T20:29:18.333Z] <<< [apiv2][status] GET https://serviceusage.googleapis.com/v1/projects/spillll/services/cloudfunctions.googleapis.com 200
[debug] [2026-04-01T20:29:18.333Z] <<< [apiv2][body] GET https://serviceusage.googleapis.com/v1/projects/spillll/services/cloudfunctions.googleapis.com [omitted]
[info] ✔  functions: required API cloudfunctions.googleapis.com is enabled 
[debug] [2026-04-01T20:29:18.335Z] <<< [apiv2][status] GET https://serviceusage.googleapis.com/v1/projects/spillll/services/artifactregistry.googleapis.com 200
[debug] [2026-04-01T20:29:18.335Z] <<< [apiv2][body] GET https://serviceusage.googleapis.com/v1/projects/spillll/services/artifactregistry.googleapis.com [omitted]
[info] ✔  artifactregistry: required API artifactregistry.googleapis.com is enabled 
[debug] [2026-04-01T20:29:18.336Z] <<< [apiv2][status] GET https://serviceusage.googleapis.com/v1/projects/spillll/services/cloudbuild.googleapis.com 200
[debug] [2026-04-01T20:29:18.336Z] <<< [apiv2][body] GET https://serviceusage.googleapis.com/v1/projects/spillll/services/cloudbuild.googleapis.com [omitted]
[info] ✔  functions: required API cloudbuild.googleapis.com is enabled 
[debug] [2026-04-01T20:29:18.337Z] Checked if tokens are valid: true, expires at: 1775077054830
[debug] [2026-04-01T20:29:18.337Z] Checked if tokens are valid: true, expires at: 1775077054830
[debug] [2026-04-01T20:29:18.337Z] >>> [apiv2][query] GET https://firebase.googleapis.com/v1beta1/projects/spillll/adminSdkConfig [none]
[debug] [2026-04-01T20:29:18.942Z] <<< [apiv2][status] GET https://firebase.googleapis.com/v1beta1/projects/spillll/adminSdkConfig 200
[debug] [2026-04-01T20:29:18.943Z] <<< [apiv2][body] GET https://firebase.googleapis.com/v1beta1/projects/spillll/adminSdkConfig {"projectId":"spillll","storageBucket":"spillll.firebasestorage.app"}
[debug] [2026-04-01T20:29:18.943Z] Checked if tokens are valid: true, expires at: 1775077054830
[debug] [2026-04-01T20:29:18.944Z] Checked if tokens are valid: true, expires at: 1775077054830
[debug] [2026-04-01T20:29:18.944Z] >>> [apiv2][query] GET https://runtimeconfig.googleapis.com/v1beta1/projects/spillll/configs [none]
[debug] [2026-04-01T20:29:19.189Z] <<< [apiv2][status] GET https://runtimeconfig.googleapis.com/v1beta1/projects/spillll/configs 200
[debug] [2026-04-01T20:29:19.189Z] <<< [apiv2][body] GET https://runtimeconfig.googleapis.com/v1beta1/projects/spillll/configs {"configs":[{"name":"projects/spillll/configs/livekit"},{"name":"projects/spillll/configs/perspective"},{"name":"projects/spillll/configs/assemblyai"},{"name":"projects/spillll/configs/gmail"}]}
[debug] [2026-04-01T20:29:19.190Z] Checked if tokens are valid: true, expires at: 1775077054830
[debug] [2026-04-01T20:29:19.190Z] Checked if tokens are valid: true, expires at: 1775077054830
[debug] [2026-04-01T20:29:19.190Z] Checked if tokens are valid: true, expires at: 1775077054830
[debug] [2026-04-01T20:29:19.190Z] Checked if tokens are valid: true, expires at: 1775077054830
[debug] [2026-04-01T20:29:19.190Z] Checked if tokens are valid: true, expires at: 1775077054830
[debug] [2026-04-01T20:29:19.190Z] Checked if tokens are valid: true, expires at: 1775077054830
[debug] [2026-04-01T20:29:19.190Z] Checked if tokens are valid: true, expires at: 1775077054830
[debug] [2026-04-01T20:29:19.190Z] Checked if tokens are valid: true, expires at: 1775077054830
[debug] [2026-04-01T20:29:19.191Z] >>> [apiv2][query] GET https://runtimeconfig.googleapis.com/v1beta1/projects/spillll/configs/livekit/variables [none]
[debug] [2026-04-01T20:29:19.191Z] >>> [apiv2][query] GET https://runtimeconfig.googleapis.com/v1beta1/projects/spillll/configs/perspective/variables [none]
[debug] [2026-04-01T20:29:19.195Z] >>> [apiv2][query] GET https://runtimeconfig.googleapis.com/v1beta1/projects/spillll/configs/assemblyai/variables [none]
[debug] [2026-04-01T20:29:19.197Z] >>> [apiv2][query] GET https://runtimeconfig.googleapis.com/v1beta1/projects/spillll/configs/gmail/variables [none]
[debug] [2026-04-01T20:29:19.383Z] <<< [apiv2][status] GET https://runtimeconfig.googleapis.com/v1beta1/projects/spillll/configs/livekit/variables 200
[debug] [2026-04-01T20:29:19.383Z] <<< [apiv2][body] GET https://runtimeconfig.googleapis.com/v1beta1/projects/spillll/configs/livekit/variables {"variables":[{"name":"projects/spillll/configs/livekit/variables/api_key","updateTime":"2026-03-29T22:03:51.320978774Z"},{"name":"projects/spillll/configs/livekit/variables/api_secret","updateTime":"2026-03-29T22:03:52.133925936Z"},{"name":"projects/spillll/configs/livekit/variables/url","updateTime":"2026-03-29T22:03:52.192776660Z"}]}
[debug] [2026-04-01T20:29:19.384Z] Checked if tokens are valid: true, expires at: 1775077054830
[debug] [2026-04-01T20:29:19.384Z] Checked if tokens are valid: true, expires at: 1775077054830
[debug] [2026-04-01T20:29:19.384Z] Checked if tokens are valid: true, expires at: 1775077054830
[debug] [2026-04-01T20:29:19.384Z] Checked if tokens are valid: true, expires at: 1775077054830
[debug] [2026-04-01T20:29:19.384Z] Checked if tokens are valid: true, expires at: 1775077054830
[debug] [2026-04-01T20:29:19.384Z] Checked if tokens are valid: true, expires at: 1775077054830
[debug] [2026-04-01T20:29:19.384Z] >>> [apiv2][query] GET https://runtimeconfig.googleapis.com/v1beta1/projects/spillll/configs/livekit/variables/api_key [none]
[debug] [2026-04-01T20:29:19.384Z] >>> [apiv2][query] GET https://runtimeconfig.googleapis.com/v1beta1/projects/spillll/configs/livekit/variables/api_secret [none]
[debug] [2026-04-01T20:29:19.386Z] >>> [apiv2][query] GET https://runtimeconfig.googleapis.com/v1beta1/projects/spillll/configs/livekit/variables/url [none]
[debug] [2026-04-01T20:29:19.407Z] <<< [apiv2][status] GET https://runtimeconfig.googleapis.com/v1beta1/projects/spillll/configs/assemblyai/variables 200
[debug] [2026-04-01T20:29:19.407Z] <<< [apiv2][body] GET https://runtimeconfig.googleapis.com/v1beta1/projects/spillll/configs/assemblyai/variables {"variables":[{"name":"projects/spillll/configs/assemblyai/variables/api_key","updateTime":"2026-03-30T19:34:30.402131031Z"}]}
[debug] [2026-04-01T20:29:19.407Z] Checked if tokens are valid: true, expires at: 1775077054830
[debug] [2026-04-01T20:29:19.407Z] Checked if tokens are valid: true, expires at: 1775077054830
[debug] [2026-04-01T20:29:19.407Z] >>> [apiv2][query] GET https://runtimeconfig.googleapis.com/v1beta1/projects/spillll/configs/assemblyai/variables/api_key [none]
[debug] [2026-04-01T20:29:19.411Z] <<< [apiv2][status] GET https://runtimeconfig.googleapis.com/v1beta1/projects/spillll/configs/perspective/variables 200
[debug] [2026-04-01T20:29:19.411Z] <<< [apiv2][body] GET https://runtimeconfig.googleapis.com/v1beta1/projects/spillll/configs/perspective/variables {"variables":[{"name":"projects/spillll/configs/perspective/variables/api_key","updateTime":"2026-02-19T19:58:36.527429913Z"}]}
[debug] [2026-04-01T20:29:19.411Z] Checked if tokens are valid: true, expires at: 1775077054830
[debug] [2026-04-01T20:29:19.411Z] Checked if tokens are valid: true, expires at: 1775077054830
[debug] [2026-04-01T20:29:19.411Z] >>> [apiv2][query] GET https://runtimeconfig.googleapis.com/v1beta1/projects/spillll/configs/perspective/variables/api_key [none]
[debug] [2026-04-01T20:29:19.413Z] <<< [apiv2][status] GET https://runtimeconfig.googleapis.com/v1beta1/projects/spillll/configs/gmail/variables 200
[debug] [2026-04-01T20:29:19.413Z] <<< [apiv2][body] GET https://runtimeconfig.googleapis.com/v1beta1/projects/spillll/configs/gmail/variables {"variables":[{"name":"projects/spillll/configs/gmail/variables/user","updateTime":"2026-03-04T20:01:43.553056623Z"},{"name":"projects/spillll/configs/gmail/variables/app_password","updateTime":"2026-03-04T20:01:44.113226404Z"}]}
[debug] [2026-04-01T20:29:19.413Z] Checked if tokens are valid: true, expires at: 1775077054830
[debug] [2026-04-01T20:29:19.413Z] Checked if tokens are valid: true, expires at: 1775077054830
[debug] [2026-04-01T20:29:19.413Z] Checked if tokens are valid: true, expires at: 1775077054830
[debug] [2026-04-01T20:29:19.413Z] Checked if tokens are valid: true, expires at: 1775077054830
[debug] [2026-04-01T20:29:19.413Z] >>> [apiv2][query] GET https://runtimeconfig.googleapis.com/v1beta1/projects/spillll/configs/gmail/variables/user [none]
[debug] [2026-04-01T20:29:19.414Z] >>> [apiv2][query] GET https://runtimeconfig.googleapis.com/v1beta1/projects/spillll/configs/gmail/variables/app_password [none]
[debug] [2026-04-01T20:29:19.585Z] <<< [apiv2][status] GET https://runtimeconfig.googleapis.com/v1beta1/projects/spillll/configs/assemblyai/variables/api_key 200
[debug] [2026-04-01T20:29:19.586Z] <<< [apiv2][body] GET https://runtimeconfig.googleapis.com/v1beta1/projects/spillll/configs/assemblyai/variables/api_key {"name":"projects/spillll/configs/assemblyai/variables/api_key","updateTime":"2026-03-30T19:34:30.402131031Z","text":"e35de276bfba4946b9142b4ad2309c57"}
[debug] [2026-04-01T20:29:19.604Z] <<< [apiv2][status] GET https://runtimeconfig.googleapis.com/v1beta1/projects/spillll/configs/perspective/variables/api_key 200
[debug] [2026-04-01T20:29:19.604Z] <<< [apiv2][body] GET https://runtimeconfig.googleapis.com/v1beta1/projects/spillll/configs/perspective/variables/api_key {"name":"projects/spillll/configs/perspective/variables/api_key","updateTime":"2026-02-19T19:58:36.527429913Z","text":"AIzaSyB2B00BfsV7dTZMBQp-C7_EbG-_YwlZfY4"}
[debug] [2026-04-01T20:29:19.612Z] <<< [apiv2][status] GET https://runtimeconfig.googleapis.com/v1beta1/projects/spillll/configs/gmail/variables/user 200
[debug] [2026-04-01T20:29:19.613Z] <<< [apiv2][body] GET https://runtimeconfig.googleapis.com/v1beta1/projects/spillll/configs/gmail/variables/user {"name":"projects/spillll/configs/gmail/variables/user","updateTime":"2026-03-04T20:01:43.553056623Z","text":"SPill.warnings@gmail.com"}
[debug] [2026-04-01T20:29:19.613Z] <<< [apiv2][status] GET https://runtimeconfig.googleapis.com/v1beta1/projects/spillll/configs/livekit/variables/url 200
[debug] [2026-04-01T20:29:19.613Z] <<< [apiv2][body] GET https://runtimeconfig.googleapis.com/v1beta1/projects/spillll/configs/livekit/variables/url {"name":"projects/spillll/configs/livekit/variables/url","updateTime":"2026-03-29T22:03:52.192776660Z","text":"wss://spill-oq7f7nnm.livekit.cloud"}
[debug] [2026-04-01T20:29:19.618Z] <<< [apiv2][status] GET https://runtimeconfig.googleapis.com/v1beta1/projects/spillll/configs/gmail/variables/app_password 200
[debug] [2026-04-01T20:29:19.619Z] <<< [apiv2][body] GET https://runtimeconfig.googleapis.com/v1beta1/projects/spillll/configs/gmail/variables/app_password {"name":"projects/spillll/configs/gmail/variables/app_password","updateTime":"2026-03-04T20:01:44.113226404Z","text":"gzcr thto pric ilgz"}
[debug] [2026-04-01T20:29:20.074Z] <<< [apiv2][status] GET https://runtimeconfig.googleapis.com/v1beta1/projects/spillll/configs/livekit/variables/api_key 200
[debug] [2026-04-01T20:29:20.074Z] <<< [apiv2][body] GET https://runtimeconfig.googleapis.com/v1beta1/projects/spillll/configs/livekit/variables/api_key {"name":"projects/spillll/configs/livekit/variables/api_key","updateTime":"2026-03-29T22:03:51.320978774Z","text":"APIuME5EJhA8QCi"}
[debug] [2026-04-01T20:29:20.112Z] <<< [apiv2][status] GET https://runtimeconfig.googleapis.com/v1beta1/projects/spillll/configs/livekit/variables/api_secret 200
[debug] [2026-04-01T20:29:20.112Z] <<< [apiv2][body] GET https://runtimeconfig.googleapis.com/v1beta1/projects/spillll/configs/livekit/variables/api_secret {"name":"projects/spillll/configs/livekit/variables/api_secret","updateTime":"2026-03-29T22:03:52.133925936Z","text":"ts6oMJ3MLwvmQ8k4z4sLOEUDMCcj7LWNU9ETgigLudP"}
[debug] [2026-04-01T20:29:20.116Z] Validating nodejs source
[warn] ⚠  functions: package.json indicates an outdated version of firebase-functions. Please upgrade using npm install --save firebase-functions@latest in your functions directory. 
[warn] ⚠  functions: Please note that there will be breaking changes when you upgrade. 
[debug] [2026-04-01T20:29:20.526Z] > [functions] package.json contents: {
  "name": "spill-functions",
  "description": "Firebase Cloud Functions for Spill (admin create staff with emailVerified)",
  "main": "index.js",
  "engines": {
    "node": "22"
  },
  "scripts": {
    "serve": "firebase emulators:start --only functions",
    "deploy": "firebase deploy --only functions"
  },
  "dependencies": {
    "firebase-admin": "^11.11.0",
    "firebase-functions": "^4.5.0",
    "livekit-server-sdk": "^2.15.0",
    "nodemailer": "^6.9.16"
  },
  "private": true
}
[debug] [2026-04-01T20:29:20.526Z] Building nodejs source
[info] i  functions: Loading and analyzing source code for codebase default to determine what to deploy 
[info] i  functions: You are using a version of firebase-functions SDK (4.9.0) that does not have support for the newest Firebase Extensions features. Please update firebase-functions SDK to >=5.1.0 to use them correctly 
[debug] [2026-04-01T20:29:20.526Z] Could not find functions.yaml. Must use http discovery
[debug] [2026-04-01T20:29:20.531Z] Found firebase-functions binary at '/Users/muhammad-zain/Desktop/spill/functions/node_modules/.bin/firebase-functions'
[info] Serving at port 8624

[debug] [2026-04-01T20:29:20.818Z] Got response from /__/functions.yaml {"endpoints":{"checkPostToxicity":{"platform":"gcfv1","availableMemoryMb":null,"timeoutSeconds":30,"minInstances":null,"maxInstances":null,"ingressSettings":null,"serviceAccountEmail":null,"vpc":null,"region":["us-central1"],"eventTrigger":{"eventType":"providers/cloud.firestore/eventTypes/document.create","eventFilters":{"resource":"projects/spillll/databases/(default)/documents/posts/{postId}"},"retry":false},"labels":{},"entryPoint":"checkPostToxicity"},"uploadTherapistResourceFile":{"platform":"gcfv1","labels":{},"availableMemoryMb":null,"timeoutSeconds":60,"minInstances":null,"maxInstances":null,"ingressSettings":null,"serviceAccountEmail":null,"vpc":null,"region":["us-central1"],"callableTrigger":{},"entryPoint":"uploadTherapistResourceFile"},"uploadTherapistResourceCover":{"platform":"gcfv1","labels":{},"availableMemoryMb":null,"timeoutSeconds":60,"minInstances":null,"maxInstances":null,"ingressSettings":null,"serviceAccountEmail":null,"vpc":null,"region":["us-central1"],"callableTrigger":{},"entryPoint":"uploadTherapistResourceCover"},"uploadMedia":{"platform":"gcfv1","labels":{},"availableMemoryMb":null,"timeoutSeconds":60,"minInstances":null,"maxInstances":null,"ingressSettings":null,"serviceAccountEmail":null,"vpc":null,"region":["us-central1"],"callableTrigger":{},"entryPoint":"uploadMedia"},"approvePostAsSafe":{"platform":"gcfv1","labels":{},"availableMemoryMb":null,"timeoutSeconds":null,"minInstances":null,"maxInstances":null,"ingressSettings":null,"serviceAccountEmail":null,"vpc":null,"region":["us-central1"],"callableTrigger":{},"entryPoint":"approvePostAsSafe"},"createStaffUser":{"platform":"gcfv1","labels":{},"availableMemoryMb":null,"timeoutSeconds":null,"minInstances":null,"maxInstances":null,"ingressSettings":null,"serviceAccountEmail":null,"vpc":null,"region":["us-central1"],"callableTrigger":{},"entryPoint":"createStaffUser"},"submitTherapistRequest":{"platform":"gcfv1","labels":{},"availableMemoryMb":null,"timeoutSeconds":null,"minInstances":null,"maxInstances":null,"ingressSettings":null,"serviceAccountEmail":null,"vpc":null,"region":["us-central1"],"callableTrigger":{},"entryPoint":"submitTherapistRequest"},"sendTherapistInvite":{"platform":"gcfv1","labels":{},"availableMemoryMb":null,"timeoutSeconds":null,"minInstances":null,"maxInstances":null,"ingressSettings":null,"serviceAccountEmail":null,"vpc":null,"region":["us-central1"],"callableTrigger":{},"entryPoint":"sendTherapistInvite"},"verifyTherapistCode":{"platform":"gcfv1","labels":{},"availableMemoryMb":null,"timeoutSeconds":null,"minInstances":null,"maxInstances":null,"ingressSettings":null,"serviceAccountEmail":null,"vpc":null,"region":["us-central1"],"callableTrigger":{},"entryPoint":"verifyTherapistCode"},"bookTherapistSlot":{"platform":"gcfv1","labels":{},"availableMemoryMb":null,"timeoutSeconds":null,"minInstances":null,"maxInstances":null,"ingressSettings":null,"serviceAccountEmail":null,"vpc":null,"region":["us-central1"],"callableTrigger":{},"entryPoint":"bookTherapistSlot"},"approveTherapistBookingRequest":{"platform":"gcfv1","labels":{},"availableMemoryMb":null,"timeoutSeconds":null,"minInstances":null,"maxInstances":null,"ingressSettings":null,"serviceAccountEmail":null,"vpc":null,"region":["us-central1"],"callableTrigger":{},"entryPoint":"approveTherapistBookingRequest"},"rejectTherapistBookingRequest":{"platform":"gcfv1","labels":{},"availableMemoryMb":null,"timeoutSeconds":null,"minInstances":null,"maxInstances":null,"ingressSettings":null,"serviceAccountEmail":null,"vpc":null,"region":["us-central1"],"callableTrigger":{},"entryPoint":"rejectTherapistBookingRequest"},"cancelTherapistSession":{"platform":"gcfv1","labels":{},"availableMemoryMb":null,"timeoutSeconds":null,"minInstances":null,"maxInstances":null,"ingressSettings":null,"serviceAccountEmail":null,"vpc":null,"region":["us-central1"],"callableTrigger":{},"entryPoint":"cancelTherapistSession"},"rescheduleTherapistSession":{"platform":"gcfv1","labels":{},"availableMemoryMb":null,"timeoutSeconds":null,"minInstances":null,"maxInstances":null,"ingressSettings":null,"serviceAccountEmail":null,"vpc":null,"region":["us-central1"],"callableTrigger":{},"entryPoint":"rescheduleTherapistSession"},"sendExpoPush":{"platform":"gcfv1","labels":{},"availableMemoryMb":null,"timeoutSeconds":null,"minInstances":null,"maxInstances":null,"ingressSettings":null,"serviceAccountEmail":null,"vpc":null,"region":["us-central1"],"callableTrigger":{},"entryPoint":"sendExpoPush"},"onTherapistSessionReviewCreated":{"platform":"gcfv1","availableMemoryMb":null,"timeoutSeconds":null,"minInstances":null,"maxInstances":null,"ingressSettings":null,"serviceAccountEmail":null,"vpc":null,"region":["us-central1"],"eventTrigger":{"eventType":"providers/cloud.firestore/eventTypes/document.create","eventFilters":{"resource":"projects/spillll/databases/(default)/documents/therapist_sessions/{sessionId}/reviews/{reviewerUid}"},"retry":false},"labels":{},"entryPoint":"onTherapistSessionReviewCreated"},"uploadLivePodcastCover":{"platform":"gcfv1","labels":{},"availableMemoryMb":1024,"timeoutSeconds":300,"minInstances":null,"maxInstances":null,"ingressSettings":null,"serviceAccountEmail":null,"vpc":null,"region":["us-central1"],"callableTrigger":{},"entryPoint":"uploadLivePodcastCover"},"createLivePodcastRoom":{"platform":"gcfv1","labels":{},"availableMemoryMb":null,"timeoutSeconds":null,"minInstances":null,"maxInstances":null,"ingressSettings":null,"serviceAccountEmail":null,"vpc":null,"region":["us-central1"],"callableTrigger":{},"entryPoint":"createLivePodcastRoom"},"tickLivePodcastScheduledReminders":{"platform":"gcfv1","availableMemoryMb":null,"timeoutSeconds":null,"minInstances":null,"maxInstances":null,"ingressSettings":null,"serviceAccountEmail":null,"vpc":null,"region":["us-central1"],"scheduleTrigger":{"schedule":"every 5 minutes","retryConfig":{"retryCount":null,"maxDoublings":null,"maxRetryDuration":null,"maxBackoffDuration":null,"minBackoffDuration":null},"timeZone":"Etc/UTC"},"labels":{},"entryPoint":"tickLivePodcastScheduledReminders"},"startLivePodcastRoom":{"platform":"gcfv1","labels":{},"availableMemoryMb":512,"timeoutSeconds":120,"minInstances":null,"maxInstances":null,"ingressSettings":null,"serviceAccountEmail":null,"vpc":null,"region":["us-central1"],"callableTrigger":{},"entryPoint":"startLivePodcastRoom"},"createLivePodcastTranscriptToken":{"platform":"gcfv1","labels":{},"availableMemoryMb":null,"timeoutSeconds":null,"minInstances":null,"maxInstances":null,"ingressSettings":null,"serviceAccountEmail":null,"vpc":null,"region":["us-central1"],"callableTrigger":{},"entryPoint":"createLivePodcastTranscriptToken"},"endLivePodcastRoom":{"platform":"gcfv1","labels":{},"availableMemoryMb":null,"timeoutSeconds":null,"minInstances":null,"maxInstances":null,"ingressSettings":null,"serviceAccountEmail":null,"vpc":null,"region":["us-central1"],"callableTrigger":{},"entryPoint":"endLivePodcastRoom"},"createLivePodcastInviteCode":{"platform":"gcfv1","labels":{},"availableMemoryMb":null,"timeoutSeconds":null,"minInstances":null,"maxInstances":null,"ingressSettings":null,"serviceAccountEmail":null,"vpc":null,"region":["us-central1"],"callableTrigger":{},"entryPoint":"createLivePodcastInviteCode"},"joinLivePodcastRoom":{"platform":"gcfv1","labels":{},"availableMemoryMb":null,"timeoutSeconds":null,"minInstances":null,"maxInstances":null,"ingressSettings":null,"serviceAccountEmail":null,"vpc":null,"region":["us-central1"],"callableTrigger":{},"entryPoint":"joinLivePodcastRoom"},"refreshLivePodcastJoin":{"platform":"gcfv1","labels":{},"availableMemoryMb":null,"timeoutSeconds":null,"minInstances":null,"maxInstances":null,"ingressSettings":null,"serviceAccountEmail":null,"vpc":null,"region":["us-central1"],"callableTrigger":{},"entryPoint":"refreshLivePodcastJoin"},"joinLivePodcastByInviteCode":{"platform":"gcfv1","labels":{},"availableMemoryMb":null,"timeoutSeconds":null,"minInstances":null,"maxInstances":null,"ingressSettings":null,"serviceAccountEmail":null,"vpc":null,"region":["us-central1"],"callableTrigger":{},"entryPoint":"joinLivePodcastByInviteCode"},"leaveLivePodcastRoom":{"platform":"gcfv1","labels":{},"availableMemoryMb":null,"timeoutSeconds":null,"minInstances":null,"maxInstances":null,"ingressSettings":null,"serviceAccountEmail":null,"vpc":null,"region":["us-central1"],"callableTrigger":{},"entryPoint":"leaveLivePodcastRoom"},"requestLivePodcastSpeaker":{"platform":"gcfv1","labels":{},"availableMemoryMb":null,"timeoutSeconds":null,"minInstances":null,"maxInstances":null,"ingressSettings":null,"serviceAccountEmail":null,"vpc":null,"region":["us-central1"],"callableTrigger":{},"entryPoint":"requestLivePodcastSpeaker"},"resolveLivePodcastSpeakerRequest":{"platform":"gcfv1","labels":{},"availableMemoryMb":null,"timeoutSeconds":null,"minInstances":null,"maxInstances":null,"ingressSettings":null,"serviceAccountEmail":null,"vpc":null,"region":["us-central1"],"callableTrigger":{},"entryPoint":"resolveLivePodcastSpeakerRequest"},"moderateLivePodcastParticipant":{"platform":"gcfv1","labels":{},"availableMemoryMb":null,"timeoutSeconds":null,"minInstances":null,"maxInstances":null,"ingressSettings":null,"serviceAccountEmail":null,"vpc":null,"region":["us-central1"],"callableTrigger":{},"entryPoint":"moderateLivePodcastParticipant"},"setLivePodcastReminder":{"platform":"gcfv1","labels":{},"availableMemoryMb":null,"timeoutSeconds":null,"minInstances":null,"maxInstances":null,"ingressSettings":null,"serviceAccountEmail":null,"vpc":null,"region":["us-central1"],"callableTrigger":{},"entryPoint":"setLivePodcastReminder"}},"specVersion":"v1alpha1","requiredAPIs":[{"api":"cloudscheduler.googleapis.com","reason":"Needed for scheduled functions."}]}
[info] i  functions: preparing functions directory for uploading... 
[info] i  functions: packaged /Users/muhammad-zain/Desktop/spill/functions (63.6 KB) for uploading 
[debug] [2026-04-01T20:29:24.882Z] Checked if tokens are valid: true, expires at: 1775077054830
[debug] [2026-04-01T20:29:24.882Z] Checked if tokens are valid: true, expires at: 1775077054830
[debug] [2026-04-01T20:29:24.883Z] >>> [apiv2][query] GET https://cloudfunctions.googleapis.com/v1/projects/spillll/locations/-/functions [none]
[debug] [2026-04-01T20:29:25.498Z] <<< [apiv2][status] GET https://cloudfunctions.googleapis.com/v1/projects/spillll/locations/-/functions 200
[debug] [2026-04-01T20:29:25.499Z] <<< [apiv2][body] GET https://cloudfunctions.googleapis.com/v1/projects/spillll/locations/-/functions {"functions":[{"name":"projects/spillll/locations/us-central1/functions/checkPostToxicity","eventTrigger":{"eventType":"providers/cloud.firestore/eventTypes/document.create","resource":"projects/spillll/databases/(default)/documents/posts/{postId}","service":"firestore.googleapis.com","failurePolicy":{}},"status":"ACTIVE","entryPoint":"checkPostToxicity","timeout":"30s","availableMemoryMb":256,"serviceAccountEmail":"spillll@appspot.gserviceaccount.com","updateTime":"2026-04-01T19:58:57.741Z","versionId":"20","labels":{"deployment-tool":"cli-firebase","firebase-functions-hash":"ab4b785ed4141016b1271e2084b6c656631139d7"},"sourceUploadUrl":"https://storage.googleapis.com/uploads-216752605292.us-central1.cloudfunctions.appspot.com/ed2d8ba7-5b2a-4ef0-a178-82cf2e2b1062.zip","environmentVariables":{"FIREBASE_CONFIG":"{\"projectId\":\"spillll\",\"storageBucket\":\"spillll.firebasestorage.app\"}","GCLOUD_PROJECT":"spillll","EVENTARC_CLOUD_EVENT_SOURCE":"projects/spillll/locations/us-central1/functions/checkPostToxicity"},"runtime":"nodejs22","maxInstances":3000,"ingressSettings":"ALLOW_ALL","buildId":"19cb571c-67f4-420b-a25d-17f50b708cd2","buildEnvironmentVariables":{"GOOGLE_NODE_RUN_SCRIPTS":""},"buildName":"projects/556048303589/locations/us-central1/builds/19cb571c-67f4-420b-a25d-17f50b708cd2","dockerRegistry":"ARTIFACT_REGISTRY","automaticUpdatePolicy":{},"buildServiceAccount":"projects/spillll/serviceAccounts/556048303589-compute@developer.gserviceaccount.com","satisfiesPzi":true},{"name":"projects/spillll/locations/us-central1/functions/onTherapistSessionReviewCreated","eventTrigger":{"eventType":"providers/cloud.firestore/eventTypes/document.create","resource":"projects/spillll/databases/(default)/documents/therapist_sessions/{sessionId}/reviews/{reviewerUid}","service":"firestore.googleapis.com","failurePolicy":{}},"status":"ACTIVE","entryPoint":"onTherapistSessionReviewCreated","timeout":"60s","availableMemoryMb":256,"serviceAccountEmail":"spillll@appspot.gserviceaccount.com","updateTime":"2026-04-01T19:58:52.774Z","versionId":"10","labels":{"deployment-tool":"cli-firebase","firebase-functions-hash":"ab4b785ed4141016b1271e2084b6c656631139d7"},"sourceUploadUrl":"https://storage.googleapis.com/uploads-216752605292.us-central1.cloudfunctions.appspot.com/ed2d8ba7-5b2a-4ef0-a178-82cf2e2b1062.zip","environmentVariables":{"FIREBASE_CONFIG":"{\"projectId\":\"spillll\",\"storageBucket\":\"spillll.firebasestorage.app\"}","GCLOUD_PROJECT":"spillll","EVENTARC_CLOUD_EVENT_SOURCE":"projects/spillll/locations/us-central1/functions/onTherapistSessionReviewCreated"},"runtime":"nodejs22","maxInstances":3000,"ingressSettings":"ALLOW_ALL","buildId":"19cb571c-67f4-420b-a25d-17f50b708cd2","buildEnvironmentVariables":{"GOOGLE_NODE_RUN_SCRIPTS":""},"buildName":"projects/556048303589/locations/us-central1/builds/19cb571c-67f4-420b-a25d-17f50b708cd2","dockerRegistry":"ARTIFACT_REGISTRY","automaticUpdatePolicy":{},"buildServiceAccount":"projects/spillll/serviceAccounts/556048303589-compute@developer.gserviceaccount.com","satisfiesPzi":true},{"name":"projects/spillll/locations/us-central1/functions/uploadTherapistResourceCover","httpsTrigger":{"url":"https://us-central1-spillll.cloudfunctions.net/uploadTherapistResourceCover","securityLevel":"SECURE_ALWAYS"},"status":"ACTIVE","entryPoint":"uploadTherapistResourceCover","timeout":"60s","availableMemoryMb":256,"serviceAccountEmail":"spillll@appspot.gserviceaccount.com","updateTime":"2026-04-01T19:58:54.989Z","versionId":"8","labels":{"deployment-tool":"cli-firebase","deployment-callable":"true","firebase-functions-hash":"ab4b785ed4141016b1271e2084b6c656631139d7"},"sourceUploadUrl":"https://storage.googleapis.com/uploads-216752605292.us-central1.cloudfunctions.appspot.com/ed2d8ba7-5b2a-4ef0-a178-82cf2e2b1062.zip","environmentVariables":{"FIREBASE_CONFIG":"{\"projectId\":\"spillll\",\"storageBucket\":\"spillll.firebasestorage.app\"}","GCLOUD_PROJECT":"spillll","EVENTARC_CLOUD_EVENT_SOURCE":"projects/spillll/locations/us-central1/functions/uploadTherapistResourceCover"},"runtime":"nodejs22","ingressSettings":"ALLOW_ALL","buildId":"19cb571c-67f4-420b-a25d-17f50b708cd2","buildEnvironmentVariables":{"GOOGLE_NODE_RUN_SCRIPTS":""},"buildName":"projects/556048303589/locations/us-central1/builds/19cb571c-67f4-420b-a25d-17f50b708cd2","dockerRegistry":"ARTIFACT_REGISTRY","automaticUpdatePolicy":{},"buildServiceAccount":"projects/spillll/serviceAccounts/556048303589-compute@developer.gserviceaccount.com","satisfiesPzi":true},{"name":"projects/spillll/locations/us-central1/functions/uploadTherapistResourceFile","httpsTrigger":{"url":"https://us-central1-spillll.cloudfunctions.net/uploadTherapistResourceFile","securityLevel":"SECURE_ALWAYS"},"status":"ACTIVE","entryPoint":"uploadTherapistResourceFile","timeout":"60s","availableMemoryMb":256,"serviceAccountEmail":"spillll@appspot.gserviceaccount.com","updateTime":"2026-04-01T19:58:55.735Z","versionId":"11","labels":{"deployment-tool":"cli-firebase","deployment-callable":"true","firebase-functions-hash":"ab4b785ed4141016b1271e2084b6c656631139d7"},"sourceUploadUrl":"https://storage.googleapis.com/uploads-216752605292.us-central1.cloudfunctions.appspot.com/ed2d8ba7-5b2a-4ef0-a178-82cf2e2b1062.zip","environmentVariables":{"FIREBASE_CONFIG":"{\"projectId\":\"spillll\",\"storageBucket\":\"spillll.firebasestorage.app\"}","GCLOUD_PROJECT":"spillll","EVENTARC_CLOUD_EVENT_SOURCE":"projects/spillll/locations/us-central1/functions/uploadTherapistResourceFile"},"runtime":"nodejs22","ingressSettings":"ALLOW_ALL","buildId":"19cb571c-67f4-420b-a25d-17f50b708cd2","buildEnvironmentVariables":{"GOOGLE_NODE_RUN_SCRIPTS":""},"buildName":"projects/556048303589/locations/us-central1/builds/19cb571c-67f4-420b-a25d-17f50b708cd2","dockerRegistry":"ARTIFACT_REGISTRY","automaticUpdatePolicy":{},"buildServiceAccount":"projects/spillll/serviceAccounts/556048303589-compute@developer.gserviceaccount.com","satisfiesPzi":true},{"name":"projects/spillll/locations/us-central1/functions/resolveLivePodcastSpeakerRequest","httpsTrigger":{"url":"https://us-central1-spillll.cloudfunctions.net/resolveLivePodcastSpeakerRequest","securityLevel":"SECURE_ALWAYS"},"status":"ACTIVE","entryPoint":"resolveLivePodcastSpeakerRequest","timeout":"60s","availableMemoryMb":256,"serviceAccountEmail":"spillll@appspot.gserviceaccount.com","updateTime":"2026-04-01T19:58:54.028Z","versionId":"7","labels":{"deployment-tool":"cli-firebase","deployment-callable":"true","firebase-functions-hash":"ab4b785ed4141016b1271e2084b6c656631139d7"},"sourceUploadUrl":"https://storage.googleapis.com/uploads-216752605292.us-central1.cloudfunctions.appspot.com/ed2d8ba7-5b2a-4ef0-a178-82cf2e2b1062.zip","environmentVariables":{"FIREBASE_CONFIG":"{\"projectId\":\"spillll\",\"storageBucket\":\"spillll.firebasestorage.app\"}","GCLOUD_PROJECT":"spillll","EVENTARC_CLOUD_EVENT_SOURCE":"projects/spillll/locations/us-central1/functions/resolveLivePodcastSpeakerRequest"},"runtime":"nodejs22","ingressSettings":"ALLOW_ALL","buildId":"19cb571c-67f4-420b-a25d-17f50b708cd2","buildEnvironmentVariables":{"GOOGLE_NODE_RUN_SCRIPTS":""},"buildName":"projects/556048303589/locations/us-central1/builds/19cb571c-67f4-420b-a25d-17f50b708cd2","dockerRegistry":"ARTIFACT_REGISTRY","automaticUpdatePolicy":{},"buildServiceAccount":"projects/spillll/serviceAccounts/556048303589-compute@developer.gserviceaccount.com","satisfiesPzi":true},{"name":"projects/spillll/locations/us-central1/functions/createLivePodcastRoom","httpsTrigger":{"url":"https://us-central1-spillll.cloudfunctions.net/createLivePodcastRoom","securityLevel":"SECURE_ALWAYS"},"status":"ACTIVE","entryPoint":"createLivePodcastRoom","timeout":"60s","availableMemoryMb":256,"serviceAccountEmail":"spillll@appspot.gserviceaccount.com","updateTime":"2026-04-01T19:58:56.704Z","versionId":"7","labels":{"deployment-tool":"cli-firebase","deployment-callable":"true","firebase-functions-hash":"ab4b785ed4141016b1271e2084b6c656631139d7"},"sourceUploadUrl":"https://storage.googleapis.com/uploads-216752605292.us-central1.cloudfunctions.appspot.com/ed2d8ba7-5b2a-4ef0-a178-82cf2e2b1062.zip","environmentVariables":{"FIREBASE_CONFIG":"{\"projectId\":\"spillll\",\"storageBucket\":\"spillll.firebasestorage.app\"}","GCLOUD_PROJECT":"spillll","EVENTARC_CLOUD_EVENT_SOURCE":"projects/spillll/locations/us-central1/functions/createLivePodcastRoom"},"runtime":"nodejs22","ingressSettings":"ALLOW_ALL","buildId":"19cb571c-67f4-420b-a25d-17f50b708cd2","buildEnvironmentVariables":{"GOOGLE_NODE_RUN_SCRIPTS":""},"buildName":"projects/556048303589/locations/us-central1/builds/19cb571c-67f4-420b-a25d-17f50b708cd2","dockerRegistry":"ARTIFACT_REGISTRY","automaticUpdatePolicy":{},"buildServiceAccount":"projects/spillll/serviceAccounts/556048303589-compute@developer.gserviceaccount.com","satisfiesPzi":true},{"name":"projects/spillll/locations/us-central1/functions/leaveLivePodcastRoom","httpsTrigger":{"url":"https://us-central1-spillll.cloudfunctions.net/leaveLivePodcastRoom","securityLevel":"SECURE_ALWAYS"},"status":"ACTIVE","entryPoint":"leaveLivePodcastRoom","timeout":"60s","availableMemoryMb":256,"serviceAccountEmail":"spillll@appspot.gserviceaccount.com","updateTime":"2026-04-01T19:58:52.015Z","versionId":"7","labels":{"deployment-callable":"true","firebase-functions-hash":"ab4b785ed4141016b1271e2084b6c656631139d7","deployment-tool":"cli-firebase"},"sourceUploadUrl":"https://storage.googleapis.com/uploads-216752605292.us-central1.cloudfunctions.appspot.com/ed2d8ba7-5b2a-4ef0-a178-82cf2e2b1062.zip","environmentVariables":{"FIREBASE_CONFIG":"{\"projectId\":\"spillll\",\"storageBucket\":\"spillll.firebasestorage.app\"}","GCLOUD_PROJECT":"spillll","EVENTARC_CLOUD_EVENT_SOURCE":"projects/spillll/locations/us-central1/functions/leaveLivePodcastRoom"},"runtime":"nodejs22","ingressSettings":"ALLOW_ALL","buildId":"19cb571c-67f4-420b-a25d-17f50b708cd2","buildEnvironmentVariables":{"GOOGLE_NODE_RUN_SCRIPTS":""},"buildName":"projects/556048303589/locations/us-central1/builds/19cb571c-67f4-420b-a25d-17f50b708cd2","dockerRegistry":"ARTIFACT_REGISTRY","automaticUpdatePolicy":{},"buildServiceAccount":"projects/spillll/serviceAccounts/556048303589-compute@developer.gserviceaccount.com","satisfiesPzi":true},{"name":"projects/spillll/locations/us-central1/functions/verifyTherapistCode","httpsTrigger":{"url":"https://us-central1-spillll.cloudfunctions.net/verifyTherapistCode","securityLevel":"SECURE_ALWAYS"},"status":"ACTIVE","entryPoint":"verifyTherapistCode","timeout":"60s","availableMemoryMb":256,"serviceAccountEmail":"spillll@appspot.gserviceaccount.com","updateTime":"2026-04-01T19:58:52.103Z","versionId":"12","labels":{"deployment-callable":"true","firebase-functions-hash":"ab4b785ed4141016b1271e2084b6c656631139d7","deployment-tool":"cli-firebase"},"sourceUploadUrl":"https://storage.googleapis.com/uploads-216752605292.us-central1.cloudfunctions.appspot.com/ed2d8ba7-5b2a-4ef0-a178-82cf2e2b1062.zip","environmentVariables":{"FIREBASE_CONFIG":"{\"projectId\":\"spillll\",\"storageBucket\":\"spillll.firebasestorage.app\"}","GCLOUD_PROJECT":"spillll","EVENTARC_CLOUD_EVENT_SOURCE":"projects/spillll/locations/us-central1/functions/verifyTherapistCode"},"runtime":"nodejs22","ingressSettings":"ALLOW_ALL","buildId":"19cb571c-67f4-420b-a25d-17f50b708cd2","buildEnvironmentVariables":{"GOOGLE_NODE_RUN_SCRIPTS":""},"buildName":"projects/556048303589/locations/us-central1/builds/19cb571c-67f4-420b-a25d-17f50b708cd2","dockerRegistry":"ARTIFACT_REGISTRY","automaticUpdatePolicy":{},"buildServiceAccount":"projects/spillll/serviceAccounts/556048303589-compute@developer.gserviceaccount.com","satisfiesPzi":true},{"name":"projects/spillll/locations/us-central1/functions/approvePostAsSafe","httpsTrigger":{"url":"https://us-central1-spillll.cloudfunctions.net/approvePostAsSafe","securityLevel":"SECURE_ALWAYS"},"status":"ACTIVE","entryPoint":"approvePostAsSafe","timeout":"60s","availableMemoryMb":256,"serviceAccountEmail":"spillll@appspot.gserviceaccount.com","updateTime":"2026-04-01T19:58:54.738Z","versionId":"13","labels":{"firebase-functions-hash":"ab4b785ed4141016b1271e2084b6c656631139d7","deployment-tool":"cli-firebase","deployment-callable":"true"},"sourceUploadUrl":"https://storage.googleapis.com/uploads-216752605292.us-central1.cloudfunctions.appspot.com/ed2d8ba7-5b2a-4ef0-a178-82cf2e2b1062.zip","environmentVariables":{"FIREBASE_CONFIG":"{\"projectId\":\"spillll\",\"storageBucket\":\"spillll.firebasestorage.app\"}","GCLOUD_PROJECT":"spillll","EVENTARC_CLOUD_EVENT_SOURCE":"projects/spillll/locations/us-central1/functions/approvePostAsSafe"},"runtime":"nodejs22","ingressSettings":"ALLOW_ALL","buildId":"19cb571c-67f4-420b-a25d-17f50b708cd2","buildEnvironmentVariables":{"GOOGLE_NODE_RUN_SCRIPTS":""},"buildName":"projects/556048303589/locations/us-central1/builds/19cb571c-67f4-420b-a25d-17f50b708cd2","dockerRegistry":"ARTIFACT_REGISTRY","automaticUpdatePolicy":{},"buildServiceAccount":"projects/spillll/serviceAccounts/556048303589-compute@developer.gserviceaccount.com","satisfiesPzi":true},{"name":"projects/spillll/locations/us-central1/functions/rescheduleTherapistSession","httpsTrigger":{"url":"https://us-central1-spillll.cloudfunctions.net/rescheduleTherapistSession","securityLevel":"SECURE_ALWAYS"},"status":"ACTIVE","entryPoint":"rescheduleTherapistSession","timeout":"60s","availableMemoryMb":256,"serviceAccountEmail":"spillll@appspot.gserviceaccount.com","updateTime":"2026-04-01T19:58:56.995Z","versionId":"10","labels":{"deployment-tool":"cli-firebase","deployment-callable":"true","firebase-functions-hash":"ab4b785ed4141016b1271e2084b6c656631139d7"},"sourceUploadUrl":"https://storage.googleapis.com/uploads-216752605292.us-central1.cloudfunctions.appspot.com/ed2d8ba7-5b2a-4ef0-a178-82cf2e2b1062.zip","environmentVariables":{"FIREBASE_CONFIG":"{\"projectId\":\"spillll\",\"storageBucket\":\"spillll.firebasestorage.app\"}","GCLOUD_PROJECT":"spillll","EVENTARC_CLOUD_EVENT_SOURCE":"projects/spillll/locations/us-central1/functions/rescheduleTherapistSession"},"runtime":"nodejs22","ingressSettings":"ALLOW_ALL","buildId":"19cb571c-67f4-420b-a25d-17f50b708cd2","buildEnvironmentVariables":{"GOOGLE_NODE_RUN_SCRIPTS":""},"buildName":"projects/556048303589/locations/us-central1/builds/19cb571c-67f4-420b-a25d-17f50b708cd2","dockerRegistry":"ARTIFACT_REGISTRY","automaticUpdatePolicy":{},"buildServiceAccount":"projects/spillll/serviceAccounts/556048303589-compute@developer.gserviceaccount.com","satisfiesPzi":true},{"name":"projects/spillll/locations/us-central1/functions/createLivePodcastInviteCode","httpsTrigger":{"url":"https://us-central1-spillll.cloudfunctions.net/createLivePodcastInviteCode","securityLevel":"SECURE_ALWAYS"},"status":"ACTIVE","entryPoint":"createLivePodcastInviteCode","timeout":"60s","availableMemoryMb":256,"serviceAccountEmail":"spillll@appspot.gserviceaccount.com","updateTime":"2026-04-01T19:58:58.281Z","versionId":"7","labels":{"deployment-tool":"cli-firebase","deployment-callable":"true","firebase-functions-hash":"ab4b785ed4141016b1271e2084b6c656631139d7"},"sourceUploadUrl":"https://storage.googleapis.com/uploads-216752605292.us-central1.cloudfunctions.appspot.com/ed2d8ba7-5b2a-4ef0-a178-82cf2e2b1062.zip","environmentVariables":{"FIREBASE_CONFIG":"{\"projectId\":\"spillll\",\"storageBucket\":\"spillll.firebasestorage.app\"}","GCLOUD_PROJECT":"spillll","EVENTARC_CLOUD_EVENT_SOURCE":"projects/spillll/locations/us-central1/functions/createLivePodcastInviteCode"},"runtime":"nodejs22","ingressSettings":"ALLOW_ALL","buildId":"19cb571c-67f4-420b-a25d-17f50b708cd2","buildEnvironmentVariables":{"GOOGLE_NODE_RUN_SCRIPTS":""},"buildName":"projects/556048303589/locations/us-central1/builds/19cb571c-67f4-420b-a25d-17f50b708cd2","dockerRegistry":"ARTIFACT_REGISTRY","automaticUpdatePolicy":{},"buildServiceAccount":"projects/spillll/serviceAccounts/556048303589-compute@developer.gserviceaccount.com","satisfiesPzi":true},{"name":"projects/spillll/locations/us-central1/functions/joinLivePodcastByInviteCode","httpsTrigger":{"url":"https://us-central1-spillll.cloudfunctions.net/joinLivePodcastByInviteCode","securityLevel":"SECURE_ALWAYS"},"status":"ACTIVE","entryPoint":"joinLivePodcastByInviteCode","timeout":"60s","availableMemoryMb":256,"serviceAccountEmail":"spillll@appspot.gserviceaccount.com","updateTime":"2026-04-01T19:58:57.614Z","versionId":"5","labels":{"deployment-tool":"cli-firebase","deployment-callable":"true","firebase-functions-hash":"ab4b785ed4141016b1271e2084b6c656631139d7"},"sourceUploadUrl":"https://storage.googleapis.com/uploads-216752605292.us-central1.cloudfunctions.appspot.com/ed2d8ba7-5b2a-4ef0-a178-82cf2e2b1062.zip","environmentVariables":{"FIREBASE_CONFIG":"{\"projectId\":\"spillll\",\"storageBucket\":\"spillll.firebasestorage.app\"}","GCLOUD_PROJECT":"spillll","EVENTARC_CLOUD_EVENT_SOURCE":"projects/spillll/locations/us-central1/functions/joinLivePodcastByInviteCode"},"runtime":"nodejs22","ingressSettings":"ALLOW_ALL","buildId":"19cb571c-67f4-420b-a25d-17f50b708cd2","buildEnvironmentVariables":{"GOOGLE_NODE_RUN_SCRIPTS":""},"buildName":"projects/556048303589/locations/us-central1/builds/19cb571c-67f4-420b-a25d-17f50b708cd2","dockerRegistry":"ARTIFACT_REGISTRY","automaticUpdatePolicy":{},"buildServiceAccount":"projects/spillll/serviceAccounts/556048303589-compute@developer.gserviceaccount.com","satisfiesPzi":true},{"name":"projects/spillll/locations/us-central1/functions/uploadMedia","httpsTrigger":{"url":"https://us-central1-spillll.cloudfunctions.net/uploadMedia","securityLevel":"SECURE_ALWAYS"},"status":"ACTIVE","entryPoint":"uploadMedia","timeout":"60s","availableMemoryMb":256,"serviceAccountEmail":"spillll@appspot.gserviceaccount.com","updateTime":"2026-04-01T19:58:53.765Z","versionId":"17","labels":{"deployment-tool":"cli-firebase","deployment-callable":"true","firebase-functions-hash":"ab4b785ed4141016b1271e2084b6c656631139d7"},"sourceUploadUrl":"https://storage.googleapis.com/uploads-216752605292.us-central1.cloudfunctions.appspot.com/ed2d8ba7-5b2a-4ef0-a178-82cf2e2b1062.zip","environmentVariables":{"FIREBASE_CONFIG":"{\"projectId\":\"spillll\",\"storageBucket\":\"spillll.firebasestorage.app\"}","GCLOUD_PROJECT":"spillll","EVENTARC_CLOUD_EVENT_SOURCE":"projects/spillll/locations/us-central1/functions/uploadMedia"},"runtime":"nodejs22","ingressSettings":"ALLOW_ALL","buildId":"19cb571c-67f4-420b-a25d-17f50b708cd2","buildEnvironmentVariables":{"GOOGLE_NODE_RUN_SCRIPTS":""},"buildName":"projects/556048303589/locations/us-central1/builds/19cb571c-67f4-420b-a25d-17f50b708cd2","dockerRegistry":"ARTIFACT_REGISTRY","automaticUpdatePolicy":{},"buildServiceAccount":"projects/spillll/serviceAccounts/556048303589-compute@developer.gserviceaccount.com","satisfiesPzi":true},{"name":"projects/spillll/locations/us-central1/functions/sendTherapistInvite","httpsTrigger":{"url":"https://us-central1-spillll.cloudfunctions.net/sendTherapistInvite","securityLevel":"SECURE_ALWAYS"},"status":"ACTIVE","entryPoint":"sendTherapistInvite","timeout":"60s","availableMemoryMb":256,"serviceAccountEmail":"spillll@appspot.gserviceaccount.com","updateTime":"2026-04-01T19:58:58.673Z","versionId":"14","labels":{"deployment-callable":"true","firebase-functions-hash":"ab4b785ed4141016b1271e2084b6c656631139d7","deployment-tool":"cli-firebase"},"sourceUploadUrl":"https://storage.googleapis.com/uploads-216752605292.us-central1.cloudfunctions.appspot.com/ed2d8ba7-5b2a-4ef0-a178-82cf2e2b1062.zip","environmentVariables":{"FIREBASE_CONFIG":"{\"projectId\":\"spillll\",\"storageBucket\":\"spillll.firebasestorage.app\"}","GCLOUD_PROJECT":"spillll","EVENTARC_CLOUD_EVENT_SOURCE":"projects/spillll/locations/us-central1/functions/sendTherapistInvite"},"runtime":"nodejs22","ingressSettings":"ALLOW_ALL","buildId":"19cb571c-67f4-420b-a25d-17f50b708cd2","buildEnvironmentVariables":{"GOOGLE_NODE_RUN_SCRIPTS":""},"buildName":"projects/556048303589/locations/us-central1/builds/19cb571c-67f4-420b-a25d-17f50b708cd2","dockerRegistry":"ARTIFACT_REGISTRY","automaticUpdatePolicy":{},"buildServiceAccount":"projects/spillll/serviceAccounts/556048303589-compute@developer.gserviceaccount.com","satisfiesPzi":true},{"name":"projects/spillll/locations/us-central1/functions/requestLivePodcastSpeaker","httpsTrigger":{"url":"https://us-central1-spillll.cloudfunctions.net/requestLivePodcastSpeaker","securityLevel":"SECURE_ALWAYS"},"status":"ACTIVE","entryPoint":"requestLivePodcastSpeaker","timeout":"60s","availableMemoryMb":256,"serviceAccountEmail":"spillll@appspot.gserviceaccount.com","updateTime":"2026-04-01T19:58:50.889Z","versionId":"7","labels":{"deployment-tool":"cli-firebase","deployment-callable":"true","firebase-functions-hash":"ab4b785ed4141016b1271e2084b6c656631139d7"},"sourceUploadUrl":"https://storage.googleapis.com/uploads-216752605292.us-central1.cloudfunctions.appspot.com/ed2d8ba7-5b2a-4ef0-a178-82cf2e2b1062.zip","environmentVariables":{"FIREBASE_CONFIG":"{\"projectId\":\"spillll\",\"storageBucket\":\"spillll.firebasestorage.app\"}","GCLOUD_PROJECT":"spillll","EVENTARC_CLOUD_EVENT_SOURCE":"projects/spillll/locations/us-central1/functions/requestLivePodcastSpeaker"},"runtime":"nodejs22","ingressSettings":"ALLOW_ALL","buildId":"19cb571c-67f4-420b-a25d-17f50b708cd2","buildEnvironmentVariables":{"GOOGLE_NODE_RUN_SCRIPTS":""},"buildName":"projects/556048303589/locations/us-central1/builds/19cb571c-67f4-420b-a25d-17f50b708cd2","dockerRegistry":"ARTIFACT_REGISTRY","automaticUpdatePolicy":{},"buildServiceAccount":"projects/spillll/serviceAccounts/556048303589-compute@developer.gserviceaccount.com","satisfiesPzi":true},{"name":"projects/spillll/locations/us-central1/functions/rejectTherapistBookingRequest","httpsTrigger":{"url":"https://us-central1-spillll.cloudfunctions.net/rejectTherapistBookingRequest","securityLevel":"SECURE_ALWAYS"},"status":"ACTIVE","entryPoint":"rejectTherapistBookingRequest","timeout":"60s","availableMemoryMb":256,"serviceAccountEmail":"spillll@appspot.gserviceaccount.com","updateTime":"2026-04-01T19:58:56.964Z","versionId":"10","labels":{"deployment-tool":"cli-firebase","deployment-callable":"true","firebase-functions-hash":"ab4b785ed4141016b1271e2084b6c656631139d7"},"sourceUploadUrl":"https://storage.googleapis.com/uploads-216752605292.us-central1.cloudfunctions.appspot.com/ed2d8ba7-5b2a-4ef0-a178-82cf2e2b1062.zip","environmentVariables":{"FIREBASE_CONFIG":"{\"projectId\":\"spillll\",\"storageBucket\":\"spillll.firebasestorage.app\"}","GCLOUD_PROJECT":"spillll","EVENTARC_CLOUD_EVENT_SOURCE":"projects/spillll/locations/us-central1/functions/rejectTherapistBookingRequest"},"runtime":"nodejs22","ingressSettings":"ALLOW_ALL","buildId":"19cb571c-67f4-420b-a25d-17f50b708cd2","buildEnvironmentVariables":{"GOOGLE_NODE_RUN_SCRIPTS":""},"buildName":"projects/556048303589/locations/us-central1/builds/19cb571c-67f4-420b-a25d-17f50b708cd2","dockerRegistry":"ARTIFACT_REGISTRY","automaticUpdatePolicy":{},"buildServiceAccount":"projects/spillll/serviceAccounts/556048303589-compute@developer.gserviceaccount.com","satisfiesPzi":true},{"name":"projects/spillll/locations/us-central1/functions/moderateLivePodcastParticipant","httpsTrigger":{"url":"https://us-central1-spillll.cloudfunctions.net/moderateLivePodcastParticipant","securityLevel":"SECURE_ALWAYS"},"status":"ACTIVE","entryPoint":"moderateLivePodcastParticipant","timeout":"60s","availableMemoryMb":256,"serviceAccountEmail":"spillll@appspot.gserviceaccount.com","updateTime":"2026-04-01T19:58:53.798Z","versionId":"2","labels":{"deployment-tool":"cli-firebase","deployment-callable":"true","firebase-functions-hash":"ab4b785ed4141016b1271e2084b6c656631139d7"},"sourceUploadUrl":"https://storage.googleapis.com/uploads-216752605292.us-central1.cloudfunctions.appspot.com/ed2d8ba7-5b2a-4ef0-a178-82cf2e2b1062.zip","environmentVariables":{"FIREBASE_CONFIG":"{\"projectId\":\"spillll\",\"storageBucket\":\"spillll.firebasestorage.app\"}","GCLOUD_PROJECT":"spillll","EVENTARC_CLOUD_EVENT_SOURCE":"projects/spillll/locations/us-central1/functions/moderateLivePodcastParticipant"},"runtime":"nodejs22","ingressSettings":"ALLOW_ALL","buildId":"19cb571c-67f4-420b-a25d-17f50b708cd2","buildEnvironmentVariables":{"GOOGLE_NODE_RUN_SCRIPTS":""},"buildName":"projects/556048303589/locations/us-central1/builds/19cb571c-67f4-420b-a25d-17f50b708cd2","dockerRegistry":"ARTIFACT_REGISTRY","automaticUpdatePolicy":{},"buildServiceAccount":"projects/spillll/serviceAccounts/556048303589-compute@developer.gserviceaccount.com","satisfiesPzi":true},{"name":"projects/spillll/locations/us-central1/functions/tickLivePodcastScheduledReminders","eventTrigger":{"eventType":"google.pubsub.topic.publish","resource":"projects/spillll/topics/firebase-schedule-tickLivePodcastScheduledReminders-us-central1","service":"pubsub.googleapis.com","failurePolicy":{}},"status":"ACTIVE","entryPoint":"tickLivePodcastScheduledReminders","timeout":"60s","availableMemoryMb":256,"serviceAccountEmail":"spillll@appspot.gserviceaccount.com","updateTime":"2026-04-01T19:58:55.930Z","versionId":"5","labels":{"deployment-tool":"cli-firebase","deployment-scheduled":"true","firebase-functions-hash":"ab4b785ed4141016b1271e2084b6c656631139d7"},"sourceUploadUrl":"https://storage.googleapis.com/uploads-216752605292.us-central1.cloudfunctions.appspot.com/ed2d8ba7-5b2a-4ef0-a178-82cf2e2b1062.zip","environmentVariables":{"FIREBASE_CONFIG":"{\"projectId\":\"spillll\",\"storageBucket\":\"spillll.firebasestorage.app\"}","GCLOUD_PROJECT":"spillll","EVENTARC_CLOUD_EVENT_SOURCE":"projects/spillll/locations/us-central1/functions/tickLivePodcastScheduledReminders"},"runtime":"nodejs22","maxInstances":3000,"ingressSettings":"ALLOW_ALL","buildId":"19cb571c-67f4-420b-a25d-17f50b708cd2","buildEnvironmentVariables":{"GOOGLE_NODE_RUN_SCRIPTS":""},"buildName":"projects/556048303589/locations/us-central1/builds/19cb571c-67f4-420b-a25d-17f50b708cd2","dockerRegistry":"ARTIFACT_REGISTRY","automaticUpdatePolicy":{},"buildServiceAccount":"projects/spillll/serviceAccounts/556048303589-compute@developer.gserviceaccount.com","satisfiesPzi":true},{"name":"projects/spillll/locations/us-central1/functions/endLivePodcastRoom","httpsTrigger":{"url":"https://us-central1-spillll.cloudfunctions.net/endLivePodcastRoom","securityLevel":"SECURE_ALWAYS"},"status":"ACTIVE","entryPoint":"endLivePodcastRoom","timeout":"60s","availableMemoryMb":256,"serviceAccountEmail":"spillll@appspot.gserviceaccount.com","updateTime":"2026-04-01T19:58:57.542Z","versionId":"7","labels":{"deployment-tool":"cli-firebase","deployment-callable":"true","firebase-functions-hash":"ab4b785ed4141016b1271e2084b6c656631139d7"},"sourceUploadUrl":"https://storage.googleapis.com/uploads-216752605292.us-central1.cloudfunctions.appspot.com/ed2d8ba7-5b2a-4ef0-a178-82cf2e2b1062.zip","environmentVariables":{"FIREBASE_CONFIG":"{\"projectId\":\"spillll\",\"storageBucket\":\"spillll.firebasestorage.app\"}","GCLOUD_PROJECT":"spillll","EVENTARC_CLOUD_EVENT_SOURCE":"projects/spillll/locations/us-central1/functions/endLivePodcastRoom"},"runtime":"nodejs22","ingressSettings":"ALLOW_ALL","buildId":"19cb571c-67f4-420b-a25d-17f50b708cd2","buildEnvironmentVariables":{"GOOGLE_NODE_RUN_SCRIPTS":""},"buildName":"projects/556048303589/locations/us-central1/builds/19cb571c-67f4-420b-a25d-17f50b708cd2","dockerRegistry":"ARTIFACT_REGISTRY","automaticUpdatePolicy":{},"buildServiceAccount":"projects/spillll/serviceAccounts/556048303589-compute@developer.gserviceaccount.com","satisfiesPzi":true},{"name":"projects/spillll/locations/us-central1/functions/bookTherapistSlot","httpsTrigger":{"url":"https://us-central1-spillll.cloudfunctions.net/bookTherapistSlot","securityLevel":"SECURE_ALWAYS"},"status":"ACTIVE","entryPoint":"bookTherapistSlot","timeout":"60s","availableMemoryMb":256,"serviceAccountEmail":"spillll@appspot.gserviceaccount.com","updateTime":"2026-04-01T19:58:57.207Z","versionId":"11","labels":{"deployment-tool":"cli-firebase","deployment-callable":"true","firebase-functions-hash":"ab4b785ed4141016b1271e2084b6c656631139d7"},"sourceUploadUrl":"https://storage.googleapis.com/uploads-216752605292.us-central1.cloudfunctions.appspot.com/ed2d8ba7-5b2a-4ef0-a178-82cf2e2b1062.zip","environmentVariables":{"FIREBASE_CONFIG":"{\"projectId\":\"spillll\",\"storageBucket\":\"spillll.firebasestorage.app\"}","GCLOUD_PROJECT":"spillll","EVENTARC_CLOUD_EVENT_SOURCE":"projects/spillll/locations/us-central1/functions/bookTherapistSlot"},"runtime":"nodejs22","ingressSettings":"ALLOW_ALL","buildId":"19cb571c-67f4-420b-a25d-17f50b708cd2","buildEnvironmentVariables":{"GOOGLE_NODE_RUN_SCRIPTS":""},"buildName":"projects/556048303589/locations/us-central1/builds/19cb571c-67f4-420b-a25d-17f50b708cd2","dockerRegistry":"ARTIFACT_REGISTRY","automaticUpdatePolicy":{},"buildServiceAccount":"projects/spillll/serviceAccounts/556048303589-compute@developer.gserviceaccount.com","satisfiesPzi":true},{"name":"projects/spillll/locations/us-central1/functions/sendExpoPush","httpsTrigger":{"url":"https://us-central1-spillll.cloudfunctions.net/sendExpoPush","securityLevel":"SECURE_ALWAYS"},"status":"ACTIVE","entryPoint":"sendExpoPush","timeout":"60s","availableMemoryMb":256,"serviceAccountEmail":"spillll@appspot.gserviceaccount.com","updateTime":"2026-04-01T19:58:54.125Z","versionId":"13","labels":{"deployment-tool":"cli-firebase","deployment-callable":"true","firebase-functions-hash":"ab4b785ed4141016b1271e2084b6c656631139d7"},"sourceUploadUrl":"https://storage.googleapis.com/uploads-216752605292.us-central1.cloudfunctions.appspot.com/ed2d8ba7-5b2a-4ef0-a178-82cf2e2b1062.zip","environmentVariables":{"FIREBASE_CONFIG":"{\"projectId\":\"spillll\",\"storageBucket\":\"spillll.firebasestorage.app\"}","GCLOUD_PROJECT":"spillll","EVENTARC_CLOUD_EVENT_SOURCE":"projects/spillll/locations/us-central1/functions/sendExpoPush"},"runtime":"nodejs22","ingressSettings":"ALLOW_ALL","buildId":"19cb571c-67f4-420b-a25d-17f50b708cd2","buildEnvironmentVariables":{"GOOGLE_NODE_RUN_SCRIPTS":""},"buildName":"projects/556048303589/locations/us-central1/builds/19cb571c-67f4-420b-a25d-17f50b708cd2","dockerRegistry":"ARTIFACT_REGISTRY","automaticUpdatePolicy":{},"buildServiceAccount":"projects/spillll/serviceAccounts/556048303589-compute@developer.gserviceaccount.com","satisfiesPzi":true},{"name":"projects/spillll/locations/us-central1/functions/createStaffUser","httpsTrigger":{"url":"https://us-central1-spillll.cloudfunctions.net/createStaffUser","securityLevel":"SECURE_ALWAYS"},"status":"ACTIVE","entryPoint":"createStaffUser","timeout":"60s","availableMemoryMb":256,"serviceAccountEmail":"spillll@appspot.gserviceaccount.com","updateTime":"2026-04-01T19:58:52.362Z","versionId":"17","labels":{"deployment-tool":"cli-firebase","deployment-callable":"true","firebase-functions-hash":"ab4b785ed4141016b1271e2084b6c656631139d7"},"sourceUploadUrl":"https://storage.googleapis.com/uploads-216752605292.us-central1.cloudfunctions.appspot.com/ed2d8ba7-5b2a-4ef0-a178-82cf2e2b1062.zip","environmentVariables":{"FIREBASE_CONFIG":"{\"projectId\":\"spillll\",\"storageBucket\":\"spillll.firebasestorage.app\"}","GCLOUD_PROJECT":"spillll","EVENTARC_CLOUD_EVENT_SOURCE":"projects/spillll/locations/us-central1/functions/createStaffUser"},"runtime":"nodejs22","ingressSettings":"ALLOW_ALL","buildId":"19cb571c-67f4-420b-a25d-17f50b708cd2","buildEnvironmentVariables":{"GOOGLE_NODE_RUN_SCRIPTS":""},"buildName":"projects/556048303589/locations/us-central1/builds/19cb571c-67f4-420b-a25d-17f50b708cd2","dockerRegistry":"ARTIFACT_REGISTRY","automaticUpdatePolicy":{},"buildServiceAccount":"projects/spillll/serviceAccounts/556048303589-compute@developer.gserviceaccount.com","satisfiesPzi":true},{"name":"projects/spillll/locations/us-central1/functions/approveTherapistBookingRequest","httpsTrigger":{"url":"https://us-central1-spillll.cloudfunctions.net/approveTherapistBookingRequest","securityLevel":"SECURE_ALWAYS"},"status":"ACTIVE","entryPoint":"approveTherapistBookingRequest","timeout":"60s","availableMemoryMb":256,"serviceAccountEmail":"spillll@appspot.gserviceaccount.com","updateTime":"2026-04-01T19:58:57.178Z","versionId":"10","labels":{"deployment-tool":"cli-firebase","deployment-callable":"true","firebase-functions-hash":"ab4b785ed4141016b1271e2084b6c656631139d7"},"sourceUploadUrl":"https://storage.googleapis.com/uploads-216752605292.us-central1.cloudfunctions.appspot.com/ed2d8ba7-5b2a-4ef0-a178-82cf2e2b1062.zip","environmentVariables":{"FIREBASE_CONFIG":"{\"projectId\":\"spillll\",\"storageBucket\":\"spillll.firebasestorage.app\"}","GCLOUD_PROJECT":"spillll","EVENTARC_CLOUD_EVENT_SOURCE":"projects/spillll/locations/us-central1/functions/approveTherapistBookingRequest"},"runtime":"nodejs22","ingressSettings":"ALLOW_ALL","buildId":"19cb571c-67f4-420b-a25d-17f50b708cd2","buildEnvironmentVariables":{"GOOGLE_NODE_RUN_SCRIPTS":""},"buildName":"projects/556048303589/locations/us-central1/builds/19cb571c-67f4-420b-a25d-17f50b708cd2","dockerRegistry":"ARTIFACT_REGISTRY","automaticUpdatePolicy":{},"buildServiceAccount":"projects/spillll/serviceAccounts/556048303589-compute@developer.gserviceaccount.com","satisfiesPzi":true},{"name":"projects/spillll/locations/us-central1/functions/startLivePodcastRoom","httpsTrigger":{"url":"https://us-central1-spillll.cloudfunctions.net/startLivePodcastRoom","securityLevel":"SECURE_ALWAYS"},"status":"ACTIVE","entryPoint":"startLivePodcastRoom","timeout":"120s","availableMemoryMb":512,"serviceAccountEmail":"spillll@appspot.gserviceaccount.com","updateTime":"2026-04-01T19:58:49.980Z","versionId":"7","labels":{"deployment-callable":"true","firebase-functions-hash":"ab4b785ed4141016b1271e2084b6c656631139d7","deployment-tool":"cli-firebase"},"sourceUploadUrl":"https://storage.googleapis.com/uploads-216752605292.us-central1.cloudfunctions.appspot.com/ed2d8ba7-5b2a-4ef0-a178-82cf2e2b1062.zip","environmentVariables":{"FIREBASE_CONFIG":"{\"projectId\":\"spillll\",\"storageBucket\":\"spillll.firebasestorage.app\"}","GCLOUD_PROJECT":"spillll","EVENTARC_CLOUD_EVENT_SOURCE":"projects/spillll/locations/us-central1/functions/startLivePodcastRoom"},"runtime":"nodejs22","ingressSettings":"ALLOW_ALL","buildId":"cf7c6376-b7e0-4a8a-9ef9-3fd29a4f35cb","buildEnvironmentVariables":{"GOOGLE_NODE_RUN_SCRIPTS":""},"buildName":"projects/556048303589/locations/us-central1/builds/cf7c6376-b7e0-4a8a-9ef9-3fd29a4f35cb","dockerRegistry":"ARTIFACT_REGISTRY","automaticUpdatePolicy":{},"buildServiceAccount":"projects/spillll/serviceAccounts/556048303589-compute@developer.gserviceaccount.com","satisfiesPzi":true},{"name":"projects/spillll/locations/us-central1/functions/submitTherapistRequest","httpsTrigger":{"url":"https://us-central1-spillll.cloudfunctions.net/submitTherapistRequest","securityLevel":"SECURE_ALWAYS"},"status":"ACTIVE","entryPoint":"submitTherapistRequest","timeout":"60s","availableMemoryMb":256,"serviceAccountEmail":"spillll@appspot.gserviceaccount.com","updateTime":"2026-04-01T19:58:54.583Z","versionId":"13","labels":{"deployment-tool":"cli-firebase","deployment-callable":"true","firebase-functions-hash":"ab4b785ed4141016b1271e2084b6c656631139d7"},"sourceUploadUrl":"https://storage.googleapis.com/uploads-216752605292.us-central1.cloudfunctions.appspot.com/ed2d8ba7-5b2a-4ef0-a178-82cf2e2b1062.zip","environmentVariables":{"FIREBASE_CONFIG":"{\"projectId\":\"spillll\",\"storageBucket\":\"spillll.firebasestorage.app\"}","GCLOUD_PROJECT":"spillll","EVENTARC_CLOUD_EVENT_SOURCE":"projects/spillll/locations/us-central1/functions/submitTherapistRequest"},"runtime":"nodejs22","ingressSettings":"ALLOW_ALL","buildId":"19cb571c-67f4-420b-a25d-17f50b708cd2","buildEnvironmentVariables":{"GOOGLE_NODE_RUN_SCRIPTS":""},"buildName":"projects/556048303589/locations/us-central1/builds/19cb571c-67f4-420b-a25d-17f50b708cd2","dockerRegistry":"ARTIFACT_REGISTRY","automaticUpdatePolicy":{},"buildServiceAccount":"projects/spillll/serviceAccounts/556048303589-compute@developer.gserviceaccount.com","satisfiesPzi":true},{"name":"projects/spillll/locations/us-central1/functions/refreshLivePodcastJoin","httpsTrigger":{"url":"https://us-central1-spillll.cloudfunctions.net/refreshLivePodcastJoin","securityLevel":"SECURE_ALWAYS"},"status":"ACTIVE","entryPoint":"refreshLivePodcastJoin","timeout":"60s","availableMemoryMb":256,"serviceAccountEmail":"spillll@appspot.gserviceaccount.com","updateTime":"2026-04-01T19:58:48.758369496Z","versionId":"1","labels":{"deployment-tool":"cli-firebase","deployment-callable":"true","firebase-functions-hash":"ab4b785ed4141016b1271e2084b6c656631139d7"},"sourceUploadUrl":"https://storage.googleapis.com/uploads-216752605292.us-central1.cloudfunctions.appspot.com/ed2d8ba7-5b2a-4ef0-a178-82cf2e2b1062.zip","environmentVariables":{"FIREBASE_CONFIG":"{\"projectId\":\"spillll\",\"storageBucket\":\"spillll.firebasestorage.app\"}","GCLOUD_PROJECT":"spillll","EVENTARC_CLOUD_EVENT_SOURCE":"projects/spillll/locations/us-central1/functions/refreshLivePodcastJoin"},"runtime":"nodejs22","ingressSettings":"ALLOW_ALL","buildId":"19cb571c-67f4-420b-a25d-17f50b708cd2","buildEnvironmentVariables":{"GOOGLE_NODE_RUN_SCRIPTS":""},"buildName":"projects/556048303589/locations/us-central1/builds/19cb571c-67f4-420b-a25d-17f50b708cd2","dockerRegistry":"ARTIFACT_REGISTRY","automaticUpdatePolicy":{},"buildServiceAccount":"projects/spillll/serviceAccounts/556048303589-compute@developer.gserviceaccount.com","satisfiesPzi":true},{"name":"projects/spillll/locations/us-central1/functions/setLivePodcastReminder","httpsTrigger":{"url":"https://us-central1-spillll.cloudfunctions.net/setLivePodcastReminder","securityLevel":"SECURE_ALWAYS"},"status":"ACTIVE","entryPoint":"setLivePodcastReminder","timeout":"60s","availableMemoryMb":256,"serviceAccountEmail":"spillll@appspot.gserviceaccount.com","updateTime":"2026-04-01T19:58:58.788Z","versionId":"7","labels":{"deployment-tool":"cli-firebase","deployment-callable":"true","firebase-functions-hash":"ab4b785ed4141016b1271e2084b6c656631139d7"},"sourceUploadUrl":"https://storage.googleapis.com/uploads-216752605292.us-central1.cloudfunctions.appspot.com/ed2d8ba7-5b2a-4ef0-a178-82cf2e2b1062.zip","environmentVariables":{"FIREBASE_CONFIG":"{\"projectId\":\"spillll\",\"storageBucket\":\"spillll.firebasestorage.app\"}","GCLOUD_PROJECT":"spillll","EVENTARC_CLOUD_EVENT_SOURCE":"projects/spillll/locations/us-central1/functions/setLivePodcastReminder"},"runtime":"nodejs22","ingressSettings":"ALLOW_ALL","buildId":"19cb571c-67f4-420b-a25d-17f50b708cd2","buildEnvironmentVariables":{"GOOGLE_NODE_RUN_SCRIPTS":""},"buildName":"projects/556048303589/locations/us-central1/builds/19cb571c-67f4-420b-a25d-17f50b708cd2","dockerRegistry":"ARTIFACT_REGISTRY","automaticUpdatePolicy":{},"buildServiceAccount":"projects/spillll/serviceAccounts/556048303589-compute@developer.gserviceaccount.com","satisfiesPzi":true},{"name":"projects/spillll/locations/us-central1/functions/createLivePodcastTranscriptToken","httpsTrigger":{"url":"https://us-central1-spillll.cloudfunctions.net/createLivePodcastTranscriptToken","securityLevel":"SECURE_ALWAYS"},"status":"ACTIVE","entryPoint":"createLivePodcastTranscriptToken","timeout":"60s","availableMemoryMb":256,"serviceAccountEmail":"spillll@appspot.gserviceaccount.com","updateTime":"2026-04-01T19:58:52.217Z","versionId":"6","labels":{"deployment-tool":"cli-firebase","deployment-callable":"true","firebase-functions-hash":"ab4b785ed4141016b1271e2084b6c656631139d7"},"sourceUploadUrl":"https://storage.googleapis.com/uploads-216752605292.us-central1.cloudfunctions.appspot.com/ed2d8ba7-5b2a-4ef0-a178-82cf2e2b1062.zip","environmentVariables":{"FIREBASE_CONFIG":"{\"projectId\":\"spillll\",\"storageBucket\":\"spillll.firebasestorage.app\"}","GCLOUD_PROJECT":"spillll","EVENTARC_CLOUD_EVENT_SOURCE":"projects/spillll/locations/us-central1/functions/createLivePodcastTranscriptToken"},"runtime":"nodejs22","ingressSettings":"ALLOW_ALL","buildId":"19cb571c-67f4-420b-a25d-17f50b708cd2","buildEnvironmentVariables":{"GOOGLE_NODE_RUN_SCRIPTS":""},"buildName":"projects/556048303589/locations/us-central1/builds/19cb571c-67f4-420b-a25d-17f50b708cd2","dockerRegistry":"ARTIFACT_REGISTRY","automaticUpdatePolicy":{},"buildServiceAccount":"projects/spillll/serviceAccounts/556048303589-compute@developer.gserviceaccount.com","satisfiesPzi":true},{"name":"projects/spillll/locations/us-central1/functions/cancelTherapistSession","httpsTrigger":{"url":"https://us-central1-spillll.cloudfunctions.net/cancelTherapistSession","securityLevel":"SECURE_ALWAYS"},"status":"ACTIVE","entryPoint":"cancelTherapistSession","timeout":"60s","availableMemoryMb":256,"serviceAccountEmail":"spillll@appspot.gserviceaccount.com","updateTime":"2026-04-01T19:58:53.989Z","versionId":"10","labels":{"deployment-tool":"cli-firebase","deployment-callable":"true","firebase-functions-hash":"ab4b785ed4141016b1271e2084b6c656631139d7"},"sourceUploadUrl":"https://storage.googleapis.com/uploads-216752605292.us-central1.cloudfunctions.appspot.com/ed2d8ba7-5b2a-4ef0-a178-82cf2e2b1062.zip","environmentVariables":{"FIREBASE_CONFIG":"{\"projectId\":\"spillll\",\"storageBucket\":\"spillll.firebasestorage.app\"}","GCLOUD_PROJECT":"spillll","EVENTARC_CLOUD_EVENT_SOURCE":"projects/spillll/locations/us-central1/functions/cancelTherapistSession"},"runtime":"nodejs22","ingressSettings":"ALLOW_ALL","buildId":"19cb571c-67f4-420b-a25d-17f50b708cd2","buildEnvironmentVariables":{"GOOGLE_NODE_RUN_SCRIPTS":""},"buildName":"projects/556048303589/locations/us-central1/builds/19cb571c-67f4-420b-a25d-17f50b708cd2","dockerRegistry":"ARTIFACT_REGISTRY","automaticUpdatePolicy":{},"buildServiceAccount":"projects/spillll/serviceAccounts/556048303589-compute@developer.gserviceaccount.com","satisfiesPzi":true},{"name":"projects/spillll/locations/us-central1/functions/uploadLivePodcastCover","httpsTrigger":{"url":"https://us-central1-spillll.cloudfunctions.net/uploadLivePodcastCover","securityLevel":"SECURE_ALWAYS"},"status":"ACTIVE","entryPoint":"uploadLivePodcastCover","timeout":"300s","availableMemoryMb":1024,"serviceAccountEmail":"spillll@appspot.gserviceaccount.com","updateTime":"2026-04-01T19:58:51.488Z","versionId":"5","labels":{"deployment-tool":"cli-firebase","deployment-callable":"true","firebase-functions-hash":"ab4b785ed4141016b1271e2084b6c656631139d7"},"sourceUploadUrl":"https://storage.googleapis.com/uploads-216752605292.us-central1.cloudfunctions.appspot.com/ed2d8ba7-5b2a-4ef0-a178-82cf2e2b1062.zip","environmentVariables":{"FIREBASE_CONFIG":"{\"projectId\":\"spillll\",\"storageBucket\":\"spillll.firebasestorage.app\"}","GCLOUD_PROJECT":"spillll","EVENTARC_CLOUD_EVENT_SOURCE":"projects/spillll/locations/us-central1/functions/uploadLivePodcastCover"},"runtime":"nodejs22","ingressSettings":"ALLOW_ALL","buildId":"99ca2b43-537d-4d86-a71f-84cdd790dcea","buildEnvironmentVariables":{"GOOGLE_NODE_RUN_SCRIPTS":""},"buildName":"projects/556048303589/locations/us-central1/builds/99ca2b43-537d-4d86-a71f-84cdd790dcea","dockerRegistry":"ARTIFACT_REGISTRY","automaticUpdatePolicy":{},"buildServiceAccount":"projects/spillll/serviceAccounts/556048303589-compute@developer.gserviceaccount.com","satisfiesPzi":true},{"name":"projects/spillll/locations/us-central1/functions/joinLivePodcastRoom","httpsTrigger":{"url":"https://us-central1-spillll.cloudfunctions.net/joinLivePodcastRoom","securityLevel":"SECURE_ALWAYS"},"status":"ACTIVE","entryPoint":"joinLivePodcastRoom","timeout":"60s","availableMemoryMb":256,"serviceAccountEmail":"spillll@appspot.gserviceaccount.com","updateTime":"2026-04-01T19:58:57.508Z","versionId":"7","labels":{"deployment-tool":"cli-firebase","deployment-callable":"true","firebase-functions-hash":"ab4b785ed4141016b1271e2084b6c656631139d7"},"sourceUploadUrl":"https://storage.googleapis.com/uploads-216752605292.us-central1.cloudfunctions.appspot.com/ed2d8ba7-5b2a-4ef0-a178-82cf2e2b1062.zip","environmentVariables":{"FIREBASE_CONFIG":"{\"projectId\":\"spillll\",\"storageBucket\":\"spillll.firebasestorage.app\"}","GCLOUD_PROJECT":"spillll","EVENTARC_CLOUD_EVENT_SOURCE":"projects/spillll/locations/us-central1/functions/joinLivePodcastRoom"},"runtime":"nodejs22","ingressSettings":"ALLOW_ALL","buildId":"19cb571c-67f4-420b-a25d-17f50b708cd2","buildEnvironmentVariables":{"GOOGLE_NODE_RUN_SCRIPTS":""},"buildName":"projects/556048303589/locations/us-central1/builds/19cb571c-67f4-420b-a25d-17f50b708cd2","dockerRegistry":"ARTIFACT_REGISTRY","automaticUpdatePolicy":{},"buildServiceAccount":"projects/spillll/serviceAccounts/556048303589-compute@developer.gserviceaccount.com","satisfiesPzi":true}]}
[debug] [2026-04-01T20:29:25.503Z] Checked if tokens are valid: true, expires at: 1775077054830
[debug] [2026-04-01T20:29:25.504Z] Checked if tokens are valid: true, expires at: 1775077054830
[debug] [2026-04-01T20:29:25.504Z] >>> [apiv2][query] GET https://cloudfunctions.googleapis.com/v2/projects/spillll/locations/-/functions filter=environment%3D%22GEN_2%22
[debug] [2026-04-01T20:29:26.447Z] <<< [apiv2][status] GET https://cloudfunctions.googleapis.com/v2/projects/spillll/locations/-/functions 200
[debug] [2026-04-01T20:29:26.447Z] <<< [apiv2][body] GET https://cloudfunctions.googleapis.com/v2/projects/spillll/locations/-/functions {}
[info] i  functions: ensuring required API cloudscheduler.googleapis.com is enabled... 
[debug] [2026-04-01T20:29:26.453Z] Checked if tokens are valid: true, expires at: 1775077054830
[debug] [2026-04-01T20:29:26.453Z] Checked if tokens are valid: true, expires at: 1775077054830
[debug] [2026-04-01T20:29:26.453Z] >>> [apiv2][query] GET https://serviceusage.googleapis.com/v1/projects/556048303589/services/cloudscheduler.googleapis.com [none]
[debug] [2026-04-01T20:29:26.454Z] >>> [apiv2][(partial)header] GET https://serviceusage.googleapis.com/v1/projects/556048303589/services/cloudscheduler.googleapis.com x-goog-quota-user=projects/556048303589
[debug] [2026-04-01T20:29:27.531Z] <<< [apiv2][status] GET https://serviceusage.googleapis.com/v1/projects/556048303589/services/cloudscheduler.googleapis.com 200
[debug] [2026-04-01T20:29:27.531Z] <<< [apiv2][body] GET https://serviceusage.googleapis.com/v1/projects/556048303589/services/cloudscheduler.googleapis.com [omitted]
[info] ✔  functions: required API cloudscheduler.googleapis.com is enabled 
[debug] [2026-04-01T20:29:27.537Z] Checked if tokens are valid: true, expires at: 1775077054830
[debug] [2026-04-01T20:29:27.537Z] Checked if tokens are valid: true, expires at: 1775077054830
[debug] [2026-04-01T20:29:27.538Z] >>> [apiv2][query] GET https://serviceusage.googleapis.com/v1/projects/spillll/services/cloudresourcemanager.googleapis.com [none]
[debug] [2026-04-01T20:29:27.538Z] >>> [apiv2][(partial)header] GET https://serviceusage.googleapis.com/v1/projects/spillll/services/cloudresourcemanager.googleapis.com x-goog-quota-user=projects/spillll
[debug] [2026-04-01T20:29:28.368Z] <<< [apiv2][status] GET https://serviceusage.googleapis.com/v1/projects/spillll/services/cloudresourcemanager.googleapis.com 200
[debug] [2026-04-01T20:29:28.369Z] <<< [apiv2][body] GET https://serviceusage.googleapis.com/v1/projects/spillll/services/cloudresourcemanager.googleapis.com [omitted]
[debug] [2026-04-01T20:29:28.369Z] Checked if tokens are valid: true, expires at: 1775077054830
[debug] [2026-04-01T20:29:28.369Z] Checked if tokens are valid: true, expires at: 1775077054830
[debug] [2026-04-01T20:29:28.369Z] >>> [apiv2][query] GET https://cloudresourcemanager.googleapis.com/v1/projects/spillll [none]
[debug] [2026-04-01T20:29:29.014Z] <<< [apiv2][status] GET https://cloudresourcemanager.googleapis.com/v1/projects/spillll 200
[debug] [2026-04-01T20:29:29.014Z] <<< [apiv2][body] GET https://cloudresourcemanager.googleapis.com/v1/projects/spillll {"projectNumber":"556048303589","projectId":"spillll","lifecycleState":"ACTIVE","name":"spill","labels":{"firebase":"enabled","firebase-core":"disabled"},"createTime":"2026-02-12T10:46:01.653017Z"}
[debug] [2026-04-01T20:29:29.019Z] Checked if tokens are valid: true, expires at: 1775077054830
[debug] [2026-04-01T20:29:29.019Z] Checked if tokens are valid: true, expires at: 1775077054830
[debug] [2026-04-01T20:29:29.020Z] >>> [apiv2][query] POST https://cloudfunctions.googleapis.com/v1/projects/spillll/locations/us-central1/functions:generateUploadUrl [none]
[debug] [2026-04-01T20:29:29.020Z] >>> [apiv2][body] POST https://cloudfunctions.googleapis.com/v1/projects/spillll/locations/us-central1/functions:generateUploadUrl {}
[debug] [2026-04-01T20:29:29.558Z] <<< [apiv2][status] POST https://cloudfunctions.googleapis.com/v1/projects/spillll/locations/us-central1/functions:generateUploadUrl 200
[debug] [2026-04-01T20:29:29.558Z] <<< [apiv2][body] POST https://cloudfunctions.googleapis.com/v1/projects/spillll/locations/us-central1/functions:generateUploadUrl {"uploadUrl":"https://storage.googleapis.com/uploads-216752605292.us-central1.cloudfunctions.appspot.com/28f90a99-2eaa-4db8-b5f1-d4e2be986d8a.zip?GoogleAccessId=service-556048303589@gcf-admin-robot.iam.gserviceaccount.com&Expires=1775077169&Signature=SuL09lGYpTgrgfGBcS%2FKZvX8z2G3n9lOPVfXFTH3Lsg9tMUWJZpnQ6F74%2By4NQUL6LMGoySsJ6a9w%2Frb9jwKq6140OT6066fanukU%2B1LS8dhEAuRg6eKGHi2FmEMEWTB7JfJr%2FydlgR7QYHKBcbREj1dRPz8oSlrxtETnTczls5ADxbyM%2BiYGnMkGEXZh%2FlWv6nptDJYzkly6zR4JBTDTF%2F7ZLA1OCsZ16lIIkiZRG4S5JjAeN4eMKB9YbFpGDpT%2BrWLN0aXSYLMS3Pzrvste3YMAaYW7timwlhjpeP7YC179CZpGCszujuoYR4ae79rOc%2BOwLEWKVu%2BGdt1MXYm%2FQ%3D%3D"}
[debug] [2026-04-01T20:29:29.560Z] >>> [apiv2][query] PUT https://storage.googleapis.com/uploads-216752605292.us-central1.cloudfunctions.appspot.com/28f90a99-2eaa-4db8-b5f1-d4e2be986d8a.zip GoogleAccessId=service-556048303589%40gcf-admin-robot.iam.gserviceaccount.com&Expires=1775077169&Signature=SuL09lGYpTgrgfGBcS%2FKZvX8z2G3n9lOPVfXFTH3Lsg9tMUWJZpnQ6F74%2By4NQUL6LMGoySsJ6a9w%2Frb9jwKq6140OT6066fanukU%2B1LS8dhEAuRg6eKGHi2FmEMEWTB7JfJr%2FydlgR7QYHKBcbREj1dRPz8oSlrxtETnTczls5ADxbyM%2BiYGnMkGEXZh%2FlWv6nptDJYzkly6zR4JBTDTF%2F7ZLA1OCsZ16lIIkiZRG4S5JjAeN4eMKB9YbFpGDpT%2BrWLN0aXSYLMS3Pzrvste3YMAaYW7timwlhjpeP7YC179CZpGCszujuoYR4ae79rOc%2BOwLEWKVu%2BGdt1MXYm%2FQ%3D%3D
[debug] [2026-04-01T20:29:29.560Z] >>> [apiv2][body] PUT https://storage.googleapis.com/uploads-216752605292.us-central1.cloudfunctions.appspot.com/28f90a99-2eaa-4db8-b5f1-d4e2be986d8a.zip [stream]
[debug] [2026-04-01T20:29:30.175Z] <<< [apiv2][status] PUT https://storage.googleapis.com/uploads-216752605292.us-central1.cloudfunctions.appspot.com/28f90a99-2eaa-4db8-b5f1-d4e2be986d8a.zip 200
[debug] [2026-04-01T20:29:30.176Z] <<< [apiv2][body] PUT https://storage.googleapis.com/uploads-216752605292.us-central1.cloudfunctions.appspot.com/28f90a99-2eaa-4db8-b5f1-d4e2be986d8a.zip [omitted]
[info] ✔  functions: functions folder uploaded successfully 
[info] i  functions: updating Node.js 22 (1st Gen) function checkPostToxicity(us-central1)... 
[info] i  functions: updating Node.js 22 (1st Gen) function uploadTherapistResourceFile(us-central1)... 
[info] i  functions: updating Node.js 22 (1st Gen) function uploadTherapistResourceCover(us-central1)... 
[info] i  functions: updating Node.js 22 (1st Gen) function uploadMedia(us-central1)... 
[info] i  functions: updating Node.js 22 (1st Gen) function approvePostAsSafe(us-central1)... 
[info] i  functions: updating Node.js 22 (1st Gen) function createStaffUser(us-central1)... 
[info] i  functions: updating Node.js 22 (1st Gen) function submitTherapistRequest(us-central1)... 
[info] i  functions: updating Node.js 22 (1st Gen) function sendTherapistInvite(us-central1)... 
[info] i  functions: updating Node.js 22 (1st Gen) function verifyTherapistCode(us-central1)... 
[info] i  functions: updating Node.js 22 (1st Gen) function bookTherapistSlot(us-central1)... 
[info] i  functions: updating Node.js 22 (1st Gen) function approveTherapistBookingRequest(us-central1)... 
[info] i  functions: updating Node.js 22 (1st Gen) function rejectTherapistBookingRequest(us-central1)... 
[info] i  functions: updating Node.js 22 (1st Gen) function cancelTherapistSession(us-central1)... 
[info] i  functions: updating Node.js 22 (1st Gen) function rescheduleTherapistSession(us-central1)... 
[info] i  functions: updating Node.js 22 (1st Gen) function sendExpoPush(us-central1)... 
[info] i  functions: updating Node.js 22 (1st Gen) function onTherapistSessionReviewCreated(us-central1)... 
[info] i  functions: updating Node.js 22 (1st Gen) function createLivePodcastRoom(us-central1)... 
[info] i  functions: updating Node.js 22 (1st Gen) function tickLivePodcastScheduledReminders(us-central1)... 
[info] i  functions: updating Node.js 22 (1st Gen) function createLivePodcastTranscriptToken(us-central1)... 
[info] i  functions: updating Node.js 22 (1st Gen) function endLivePodcastRoom(us-central1)... 
[info] i  functions: updating Node.js 22 (1st Gen) function createLivePodcastInviteCode(us-central1)... 
[info] i  functions: updating Node.js 22 (1st Gen) function joinLivePodcastRoom(us-central1)... 
[info] i  functions: updating Node.js 22 (1st Gen) function refreshLivePodcastJoin(us-central1)... 
[info] i  functions: updating Node.js 22 (1st Gen) function joinLivePodcastByInviteCode(us-central1)... 
[info] i  functions: updating Node.js 22 (1st Gen) function leaveLivePodcastRoom(us-central1)... 
[info] i  functions: updating Node.js 22 (1st Gen) function requestLivePodcastSpeaker(us-central1)... 
[info] i  functions: updating Node.js 22 (1st Gen) function resolveLivePodcastSpeakerRequest(us-central1)... 
[info] i  functions: updating Node.js 22 (1st Gen) function moderateLivePodcastParticipant(us-central1)... 
[info] i  functions: updating Node.js 22 (1st Gen) function setLivePodcastReminder(us-central1)... 
[info] i  functions: updating Node.js 22 (1st Gen) function uploadLivePodcastCover(us-central1)... 
[info] i  functions: updating Node.js 22 (1st Gen) function startLivePodcastRoom(us-central1)... 
[debug] [2026-04-01T20:29:30.192Z] Checked if tokens are valid: true, expires at: 1775077054830
[debug] [2026-04-01T20:29:30.192Z] Checked if tokens are valid: true, expires at: 1775077054830
[debug] [2026-04-01T20:29:30.192Z] Checked if tokens are valid: true, expires at: 1775077054830
[debug] [2026-04-01T20:29:30.192Z] Checked if tokens are valid: true, expires at: 1775077054830
[debug] [2026-04-01T20:29:30.193Z] Checked if tokens are valid: true, expires at: 1775077054830
[debug] [2026-04-01T20:29:30.193Z] Checked if tokens are valid: true, expires at: 1775077054830
[debug] [2026-04-01T20:29:30.193Z] >>> [apiv2][query] PATCH https://cloudfunctions.googleapis.com/v1/projects/spillll/locations/us-central1/functions/checkPostToxicity updateMask=name%2CsourceUploadUrl%2CentryPoint%2Cruntime%2CdockerRegistry%2Clabels%2CeventTrigger.eventType%2CeventTrigger.resource%2CeventTrigger.failurePolicy%2CminInstances%2CmaxInstances%2CingressSettings%2CenvironmentVariables%2CserviceAccountEmail%2CavailableMemoryMb%2Ctimeout%2CvpcConnector%2CvpcConnectorEgressSettings%2CsourceToken%2CbuildEnvironmentVariables
[debug] [2026-04-01T20:29:30.193Z] >>> [apiv2][body] PATCH https://cloudfunctions.googleapis.com/v1/projects/spillll/locations/us-central1/functions/checkPostToxicity {"name":"projects/spillll/locations/us-central1/functions/checkPostToxicity","sourceUploadUrl":"https://storage.googleapis.com/uploads-216752605292.us-central1.cloudfunctions.appspot.com/28f90a99-2eaa-4db8-b5f1-d4e2be986d8a.zip?GoogleAccessId=service-556048303589@gcf-admin-robot.iam.gserviceaccount.com&Expires=1775077169&Signature=SuL09lGYpTgrgfGBcS%2FKZvX8z2G3n9lOPVfXFTH3Lsg9tMUWJZpnQ6F74%2By4NQUL6LMGoySsJ6a9w%2Frb9jwKq6140OT6066fanukU%2B1LS8dhEAuRg6eKGHi2FmEMEWTB7JfJr%2FydlgR7QYHKBcbREj1dRPz8oSlrxtETnTczls5ADxbyM%2BiYGnMkGEXZh%2FlWv6nptDJYzkly6zR4JBTDTF%2F7ZLA1OCsZ16lIIkiZRG4S5JjAeN4eMKB9YbFpGDpT%2BrWLN0aXSYLMS3Pzrvste3YMAaYW7timwlhjpeP7YC179CZpGCszujuoYR4ae79rOc%2BOwLEWKVu%2BGdt1MXYm%2FQ%3D%3D","entryPoint":"checkPostToxicity","runtime":"nodejs22","dockerRegistry":"ARTIFACT_REGISTRY","labels":{"deployment-tool":"cli-firebase","firebase-functions-hash":"24e20cb46937b3f88efeb23827eacac843fccc18"},"eventTrigger":{"eventType":"providers/cloud.firestore/eventTypes/document.create","resource":"projects/spillll/databases/(default)/documents/posts/{postId}"},"minInstances":null,"maxInstances":null,"ingressSettings":null,"environmentVariables":{"FIREBASE_CONFIG":"{\"projectId\":\"spillll\",\"storageBucket\":\"spillll.firebasestorage.app\"}","GCLOUD_PROJECT":"spillll","EVENTARC_CLOUD_EVENT_SOURCE":"projects/spillll/locations/us-central1/functions/checkPostToxicity"},"serviceAccountEmail":null,"availableMemoryMb":null,"timeout":"30s","vpcConnector":null,"vpcConnectorEgressSettings":null,"buildEnvironmentVariables":{"GOOGLE_NODE_RUN_SCRIPTS":""}}
[debug] [2026-04-01T20:29:30.194Z] >>> [apiv2][query] PATCH https://cloudfunctions.googleapis.com/v1/projects/spillll/locations/us-central1/functions/uploadLivePodcastCover updateMask=name%2CsourceUploadUrl%2CentryPoint%2Cruntime%2CdockerRegistry%2Clabels%2ChttpsTrigger.securityLevel%2CminInstances%2CmaxInstances%2CingressSettings%2CenvironmentVariables%2CserviceAccountEmail%2CavailableMemoryMb%2Ctimeout%2CvpcConnector%2CvpcConnectorEgressSettings%2CsourceToken%2CbuildEnvironmentVariables
[debug] [2026-04-01T20:29:30.194Z] >>> [apiv2][body] PATCH https://cloudfunctions.googleapis.com/v1/projects/spillll/locations/us-central1/functions/uploadLivePodcastCover {"name":"projects/spillll/locations/us-central1/functions/uploadLivePodcastCover","sourceUploadUrl":"https://storage.googleapis.com/uploads-216752605292.us-central1.cloudfunctions.appspot.com/28f90a99-2eaa-4db8-b5f1-d4e2be986d8a.zip?GoogleAccessId=service-556048303589@gcf-admin-robot.iam.gserviceaccount.com&Expires=1775077169&Signature=SuL09lGYpTgrgfGBcS%2FKZvX8z2G3n9lOPVfXFTH3Lsg9tMUWJZpnQ6F74%2By4NQUL6LMGoySsJ6a9w%2Frb9jwKq6140OT6066fanukU%2B1LS8dhEAuRg6eKGHi2FmEMEWTB7JfJr%2FydlgR7QYHKBcbREj1dRPz8oSlrxtETnTczls5ADxbyM%2BiYGnMkGEXZh%2FlWv6nptDJYzkly6zR4JBTDTF%2F7ZLA1OCsZ16lIIkiZRG4S5JjAeN4eMKB9YbFpGDpT%2BrWLN0aXSYLMS3Pzrvste3YMAaYW7timwlhjpeP7YC179CZpGCszujuoYR4ae79rOc%2BOwLEWKVu%2BGdt1MXYm%2FQ%3D%3D","entryPoint":"uploadLivePodcastCover","runtime":"nodejs22","dockerRegistry":"ARTIFACT_REGISTRY","labels":{"deployment-tool":"cli-firebase","deployment-callable":"true","firebase-functions-hash":"24e20cb46937b3f88efeb23827eacac843fccc18"},"httpsTrigger":{"securityLevel":"SECURE_ALWAYS"},"minInstances":null,"maxInstances":null,"ingressSettings":null,"environmentVariables":{"FIREBASE_CONFIG":"{\"projectId\":\"spillll\",\"storageBucket\":\"spillll.firebasestorage.app\"}","GCLOUD_PROJECT":"spillll","EVENTARC_CLOUD_EVENT_SOURCE":"projects/spillll/locations/us-central1/functions/uploadLivePodcastCover"},"serviceAccountEmail":null,"availableMemoryMb":1024,"timeout":"300s","vpcConnector":null,"vpcConnectorEgressSettings":null,"buildEnvironmentVariables":{"GOOGLE_NODE_RUN_SCRIPTS":""}}
[debug] [2026-04-01T20:29:30.195Z] >>> [apiv2][query] PATCH https://cloudfunctions.googleapis.com/v1/projects/spillll/locations/us-central1/functions/startLivePodcastRoom updateMask=name%2CsourceUploadUrl%2CentryPoint%2Cruntime%2CdockerRegistry%2Clabels%2ChttpsTrigger.securityLevel%2CminInstances%2CmaxInstances%2CingressSettings%2CenvironmentVariables%2CserviceAccountEmail%2CavailableMemoryMb%2Ctimeout%2CvpcConnector%2CvpcConnectorEgressSettings%2CsourceToken%2CbuildEnvironmentVariables
[debug] [2026-04-01T20:29:30.195Z] >>> [apiv2][body] PATCH https://cloudfunctions.googleapis.com/v1/projects/spillll/locations/us-central1/functions/startLivePodcastRoom {"name":"projects/spillll/locations/us-central1/functions/startLivePodcastRoom","sourceUploadUrl":"https://storage.googleapis.com/uploads-216752605292.us-central1.cloudfunctions.appspot.com/28f90a99-2eaa-4db8-b5f1-d4e2be986d8a.zip?GoogleAccessId=service-556048303589@gcf-admin-robot.iam.gserviceaccount.com&Expires=1775077169&Signature=SuL09lGYpTgrgfGBcS%2FKZvX8z2G3n9lOPVfXFTH3Lsg9tMUWJZpnQ6F74%2By4NQUL6LMGoySsJ6a9w%2Frb9jwKq6140OT6066fanukU%2B1LS8dhEAuRg6eKGHi2FmEMEWTB7JfJr%2FydlgR7QYHKBcbREj1dRPz8oSlrxtETnTczls5ADxbyM%2BiYGnMkGEXZh%2FlWv6nptDJYzkly6zR4JBTDTF%2F7ZLA1OCsZ16lIIkiZRG4S5JjAeN4eMKB9YbFpGDpT%2BrWLN0aXSYLMS3Pzrvste3YMAaYW7timwlhjpeP7YC179CZpGCszujuoYR4ae79rOc%2BOwLEWKVu%2BGdt1MXYm%2FQ%3D%3D","entryPoint":"startLivePodcastRoom","runtime":"nodejs22","dockerRegistry":"ARTIFACT_REGISTRY","labels":{"deployment-tool":"cli-firebase","deployment-callable":"true","firebase-functions-hash":"24e20cb46937b3f88efeb23827eacac843fccc18"},"httpsTrigger":{"securityLevel":"SECURE_ALWAYS"},"minInstances":null,"maxInstances":null,"ingressSettings":null,"environmentVariables":{"FIREBASE_CONFIG":"{\"projectId\":\"spillll\",\"storageBucket\":\"spillll.firebasestorage.app\"}","GCLOUD_PROJECT":"spillll","EVENTARC_CLOUD_EVENT_SOURCE":"projects/spillll/locations/us-central1/functions/startLivePodcastRoom"},"serviceAccountEmail":null,"availableMemoryMb":512,"timeout":"120s","vpcConnector":null,"vpcConnectorEgressSettings":null,"buildEnvironmentVariables":{"GOOGLE_NODE_RUN_SCRIPTS":""}}
[debug] [2026-04-01T20:29:30.751Z] <<< [apiv2][status] PATCH https://cloudfunctions.googleapis.com/v1/projects/spillll/locations/us-central1/functions/checkPostToxicity 200
[debug] [2026-04-01T20:29:30.751Z] <<< [apiv2][body] PATCH https://cloudfunctions.googleapis.com/v1/projects/spillll/locations/us-central1/functions/checkPostToxicity {"name":"operations/c3BpbGxsbC91cy1jZW50cmFsMS9jaGVja1Bvc3RUb3hpY2l0eS9mWk9Ld0hDOGEySQ","metadata":{"@type":"type.googleapis.com/google.cloud.functions.v1.OperationMetadataV1","target":"projects/spillll/locations/us-central1/functions/checkPostToxicity","type":"UPDATE_FUNCTION","request":{"@type":"type.googleapis.com/google.cloud.functions.v1.CloudFunction","name":"projects/spillll/locations/us-central1/functions/checkPostToxicity","eventTrigger":{"eventType":"providers/cloud.firestore/eventTypes/document.create","resource":"projects/spillll/databases/(default)/documents/posts/{postId}","service":"firestore.googleapis.com"},"status":"ACTIVE","entryPoint":"checkPostToxicity","timeout":"30s","updateTime":"2026-04-01T19:58:57.741Z","versionId":"20","labels":{"deployment-tool":"cli-firebase","firebase-functions-hash":"24e20cb46937b3f88efeb23827eacac843fccc18"},"sourceUploadUrl":"https://storage.googleapis.com/uploads-216752605292.us-central1.cloudfunctions.appspot.com/28f90a99-2eaa-4db8-b5f1-d4e2be986d8a.zip?GoogleAccessId=service-556048303589@gcf-admin-robot.iam.gserviceaccount.com&Expires=1775077169&Signature=SuL09lGYpTgrgfGBcS%2FKZvX8z2G3n9lOPVfXFTH3Lsg9tMUWJZpnQ6F74%2By4NQUL6LMGoySsJ6a9w%2Frb9jwKq6140OT6066fanukU%2B1LS8dhEAuRg6eKGHi2FmEMEWTB7JfJr%2FydlgR7QYHKBcbREj1dRPz8oSlrxtETnTczls5ADxbyM%2BiYGnMkGEXZh%2FlWv6nptDJYzkly6zR4JBTDTF%2F7ZLA1OCsZ16lIIkiZRG4S5JjAeN4eMKB9YbFpGDpT%2BrWLN0aXSYLMS3Pzrvste3YMAaYW7timwlhjpeP7YC179CZpGCszujuoYR4ae79rOc%2BOwLEWKVu%2BGdt1MXYm%2FQ%3D%3D","environmentVariables":{"FIREBASE_CONFIG":"{\"projectId\":\"spillll\",\"storageBucket\":\"spillll.firebasestorage.app\"}","GCLOUD_PROJECT":"spillll","EVENTARC_CLOUD_EVENT_SOURCE":"projects/spillll/locations/us-central1/functions/checkPostToxicity"},"runtime":"nodejs22","buildId":"19cb571c-67f4-420b-a25d-17f50b708cd2","buildEnvironmentVariables":{"GOOGLE_NODE_RUN_SCRIPTS":""},"buildName":"projects/556048303589/locations/us-central1/builds/19cb571c-67f4-420b-a25d-17f50b708cd2","dockerRegistry":"ARTIFACT_REGISTRY","automaticUpdatePolicy":{},"buildServiceAccount":"projects/spillll/serviceAccounts/556048303589-compute@developer.gserviceaccount.com"},"versionId":"21","updateTime":"2026-04-01T20:29:30Z"}}
[debug] [2026-04-01T20:29:30.752Z] Checked if tokens are valid: true, expires at: 1775077054830
[debug] [2026-04-01T20:29:30.752Z] Checked if tokens are valid: true, expires at: 1775077054830
[debug] [2026-04-01T20:29:30.753Z] >>> [apiv2][query] GET https://cloudfunctions.googleapis.com/v1/operations/c3BpbGxsbC91cy1jZW50cmFsMS9jaGVja1Bvc3RUb3hpY2l0eS9mWk9Ld0hDOGEySQ [none]
[debug] [2026-04-01T20:29:30.756Z] <<< [apiv2][status] PATCH https://cloudfunctions.googleapis.com/v1/projects/spillll/locations/us-central1/functions/startLivePodcastRoom 200
[debug] [2026-04-01T20:29:30.756Z] <<< [apiv2][body] PATCH https://cloudfunctions.googleapis.com/v1/projects/spillll/locations/us-central1/functions/startLivePodcastRoom {"name":"operations/c3BpbGxsbC91cy1jZW50cmFsMS9zdGFydExpdmVQb2RjYXN0Um9vbS9zalliNUs5RDdCQQ","metadata":{"@type":"type.googleapis.com/google.cloud.functions.v1.OperationMetadataV1","target":"projects/spillll/locations/us-central1/functions/startLivePodcastRoom","type":"UPDATE_FUNCTION","request":{"@type":"type.googleapis.com/google.cloud.functions.v1.CloudFunction","name":"projects/spillll/locations/us-central1/functions/startLivePodcastRoom","httpsTrigger":{"url":"https://us-central1-spillll.cloudfunctions.net/startLivePodcastRoom","securityLevel":"SECURE_ALWAYS"},"status":"ACTIVE","entryPoint":"startLivePodcastRoom","timeout":"120s","availableMemoryMb":512,"updateTime":"2026-04-01T19:58:49.980Z","versionId":"7","labels":{"deployment-tool":"cli-firebase","deployment-callable":"true","firebase-functions-hash":"24e20cb46937b3f88efeb23827eacac843fccc18"},"sourceUploadUrl":"https://storage.googleapis.com/uploads-216752605292.us-central1.cloudfunctions.appspot.com/28f90a99-2eaa-4db8-b5f1-d4e2be986d8a.zip?GoogleAccessId=service-556048303589@gcf-admin-robot.iam.gserviceaccount.com&Expires=1775077169&Signature=SuL09lGYpTgrgfGBcS%2FKZvX8z2G3n9lOPVfXFTH3Lsg9tMUWJZpnQ6F74%2By4NQUL6LMGoySsJ6a9w%2Frb9jwKq6140OT6066fanukU%2B1LS8dhEAuRg6eKGHi2FmEMEWTB7JfJr%2FydlgR7QYHKBcbREj1dRPz8oSlrxtETnTczls5ADxbyM%2BiYGnMkGEXZh%2FlWv6nptDJYzkly6zR4JBTDTF%2F7ZLA1OCsZ16lIIkiZRG4S5JjAeN4eMKB9YbFpGDpT%2BrWLN0aXSYLMS3Pzrvste3YMAaYW7timwlhjpeP7YC179CZpGCszujuoYR4ae79rOc%2BOwLEWKVu%2BGdt1MXYm%2FQ%3D%3D","environmentVariables":{"FIREBASE_CONFIG":"{\"projectId\":\"spillll\",\"storageBucket\":\"spillll.firebasestorage.app\"}","GCLOUD_PROJECT":"spillll","EVENTARC_CLOUD_EVENT_SOURCE":"projects/spillll/locations/us-central1/functions/startLivePodcastRoom"},"runtime":"nodejs22","buildId":"cf7c6376-b7e0-4a8a-9ef9-3fd29a4f35cb","buildEnvironmentVariables":{"GOOGLE_NODE_RUN_SCRIPTS":""},"buildName":"projects/556048303589/locations/us-central1/builds/cf7c6376-b7e0-4a8a-9ef9-3fd29a4f35cb","dockerRegistry":"ARTIFACT_REGISTRY","automaticUpdatePolicy":{},"buildServiceAccount":"projects/spillll/serviceAccounts/556048303589-compute@developer.gserviceaccount.com"},"versionId":"8","updateTime":"2026-04-01T20:29:30Z"}}
[debug] [2026-04-01T20:29:30.757Z] Checked if tokens are valid: true, expires at: 1775077054830
[debug] [2026-04-01T20:29:30.757Z] Checked if tokens are valid: true, expires at: 1775077054830
[debug] [2026-04-01T20:29:30.757Z] >>> [apiv2][query] GET https://cloudfunctions.googleapis.com/v1/operations/c3BpbGxsbC91cy1jZW50cmFsMS9zdGFydExpdmVQb2RjYXN0Um9vbS9zalliNUs5RDdCQQ [none]
[debug] [2026-04-01T20:29:30.758Z] <<< [apiv2][status] PATCH https://cloudfunctions.googleapis.com/v1/projects/spillll/locations/us-central1/functions/uploadLivePodcastCover 200
[debug] [2026-04-01T20:29:30.758Z] <<< [apiv2][body] PATCH https://cloudfunctions.googleapis.com/v1/projects/spillll/locations/us-central1/functions/uploadLivePodcastCover {"name":"operations/c3BpbGxsbC91cy1jZW50cmFsMS91cGxvYWRMaXZlUG9kY2FzdENvdmVyL2tEZVlLN0dhZjdJ","metadata":{"@type":"type.googleapis.com/google.cloud.functions.v1.OperationMetadataV1","target":"projects/spillll/locations/us-central1/functions/uploadLivePodcastCover","type":"UPDATE_FUNCTION","request":{"@type":"type.googleapis.com/google.cloud.functions.v1.CloudFunction","name":"projects/spillll/locations/us-central1/functions/uploadLivePodcastCover","httpsTrigger":{"url":"https://us-central1-spillll.cloudfunctions.net/uploadLivePodcastCover","securityLevel":"SECURE_ALWAYS"},"status":"ACTIVE","entryPoint":"uploadLivePodcastCover","timeout":"300s","availableMemoryMb":1024,"updateTime":"2026-04-01T19:58:51.488Z","versionId":"5","labels":{"deployment-tool":"cli-firebase","deployment-callable":"true","firebase-functions-hash":"24e20cb46937b3f88efeb23827eacac843fccc18"},"sourceUploadUrl":"https://storage.googleapis.com/uploads-216752605292.us-central1.cloudfunctions.appspot.com/28f90a99-2eaa-4db8-b5f1-d4e2be986d8a.zip?GoogleAccessId=service-556048303589@gcf-admin-robot.iam.gserviceaccount.com&Expires=1775077169&Signature=SuL09lGYpTgrgfGBcS%2FKZvX8z2G3n9lOPVfXFTH3Lsg9tMUWJZpnQ6F74%2By4NQUL6LMGoySsJ6a9w%2Frb9jwKq6140OT6066fanukU%2B1LS8dhEAuRg6eKGHi2FmEMEWTB7JfJr%2FydlgR7QYHKBcbREj1dRPz8oSlrxtETnTczls5ADxbyM%2BiYGnMkGEXZh%2FlWv6nptDJYzkly6zR4JBTDTF%2F7ZLA1OCsZ16lIIkiZRG4S5JjAeN4eMKB9YbFpGDpT%2BrWLN0aXSYLMS3Pzrvste3YMAaYW7timwlhjpeP7YC179CZpGCszujuoYR4ae79rOc%2BOwLEWKVu%2BGdt1MXYm%2FQ%3D%3D","environmentVariables":{"FIREBASE_CONFIG":"{\"projectId\":\"spillll\",\"storageBucket\":\"spillll.firebasestorage.app\"}","GCLOUD_PROJECT":"spillll","EVENTARC_CLOUD_EVENT_SOURCE":"projects/spillll/locations/us-central1/functions/uploadLivePodcastCover"},"runtime":"nodejs22","buildId":"99ca2b43-537d-4d86-a71f-84cdd790dcea","buildEnvironmentVariables":{"GOOGLE_NODE_RUN_SCRIPTS":""},"buildName":"projects/556048303589/locations/us-central1/builds/99ca2b43-537d-4d86-a71f-84cdd790dcea","dockerRegistry":"ARTIFACT_REGISTRY","automaticUpdatePolicy":{},"buildServiceAccount":"projects/spillll/serviceAccounts/556048303589-compute@developer.gserviceaccount.com"},"versionId":"6","updateTime":"2026-04-01T20:29:30Z"}}
[debug] [2026-04-01T20:29:30.758Z] Checked if tokens are valid: true, expires at: 1775077054830
[debug] [2026-04-01T20:29:30.758Z] Checked if tokens are valid: true, expires at: 1775077054830
[debug] [2026-04-01T20:29:30.758Z] >>> [apiv2][query] GET https://cloudfunctions.googleapis.com/v1/operations/c3BpbGxsbC91cy1jZW50cmFsMS91cGxvYWRMaXZlUG9kY2FzdENvdmVyL2tEZVlLN0dhZjdJ [none]
[debug] [2026-04-01T20:29:30.940Z] <<< [apiv2][status] GET https://cloudfunctions.googleapis.com/v1/operations/c3BpbGxsbC91cy1jZW50cmFsMS9jaGVja1Bvc3RUb3hpY2l0eS9mWk9Ld0hDOGEySQ 200
[debug] [2026-04-01T20:29:30.941Z] <<< [apiv2][body] GET https://cloudfunctions.googleapis.com/v1/operations/c3BpbGxsbC91cy1jZW50cmFsMS9jaGVja1Bvc3RUb3hpY2l0eS9mWk9Ld0hDOGEySQ {"name":"operations/c3BpbGxsbC91cy1jZW50cmFsMS9jaGVja1Bvc3RUb3hpY2l0eS9mWk9Ld0hDOGEySQ","metadata":{"@type":"type.googleapis.com/google.cloud.functions.v1.OperationMetadataV1","target":"projects/spillll/locations/us-central1/functions/checkPostToxicity","type":"UPDATE_FUNCTION","request":{"@type":"type.googleapis.com/google.cloud.functions.v1.CloudFunction","name":"projects/spillll/locations/us-central1/functions/checkPostToxicity","eventTrigger":{"eventType":"providers/cloud.firestore/eventTypes/document.create","resource":"projects/spillll/databases/(default)/documents/posts/{postId}","service":"firestore.googleapis.com"},"status":"ACTIVE","entryPoint":"checkPostToxicity","timeout":"30s","updateTime":"2026-04-01T19:58:57.741Z","versionId":"20","labels":{"deployment-tool":"cli-firebase","firebase-functions-hash":"24e20cb46937b3f88efeb23827eacac843fccc18"},"sourceUploadUrl":"https://storage.googleapis.com/uploads-216752605292.us-central1.cloudfunctions.appspot.com/28f90a99-2eaa-4db8-b5f1-d4e2be986d8a.zip?GoogleAccessId=service-556048303589@gcf-admin-robot.iam.gserviceaccount.com&Expires=1775077169&Signature=SuL09lGYpTgrgfGBcS%2FKZvX8z2G3n9lOPVfXFTH3Lsg9tMUWJZpnQ6F74%2By4NQUL6LMGoySsJ6a9w%2Frb9jwKq6140OT6066fanukU%2B1LS8dhEAuRg6eKGHi2FmEMEWTB7JfJr%2FydlgR7QYHKBcbREj1dRPz8oSlrxtETnTczls5ADxbyM%2BiYGnMkGEXZh%2FlWv6nptDJYzkly6zR4JBTDTF%2F7ZLA1OCsZ16lIIkiZRG4S5JjAeN4eMKB9YbFpGDpT%2BrWLN0aXSYLMS3Pzrvste3YMAaYW7timwlhjpeP7YC179CZpGCszujuoYR4ae79rOc%2BOwLEWKVu%2BGdt1MXYm%2FQ%3D%3D","environmentVariables":{"FIREBASE_CONFIG":"{\"projectId\":\"spillll\",\"storageBucket\":\"spillll.firebasestorage.app\"}","GCLOUD_PROJECT":"spillll","EVENTARC_CLOUD_EVENT_SOURCE":"projects/spillll/locations/us-central1/functions/checkPostToxicity"},"runtime":"nodejs22","buildId":"19cb571c-67f4-420b-a25d-17f50b708cd2","buildEnvironmentVariables":{"GOOGLE_NODE_RUN_SCRIPTS":""},"buildName":"projects/556048303589/locations/us-central1/builds/19cb571c-67f4-420b-a25d-17f50b708cd2","dockerRegistry":"ARTIFACT_REGISTRY","automaticUpdatePolicy":{},"buildServiceAccount":"projects/spillll/serviceAccounts/556048303589-compute@developer.gserviceaccount.com"},"versionId":"21","updateTime":"2026-04-01T20:29:30Z"}}
[debug] [2026-04-01T20:29:30.944Z] <<< [apiv2][status] GET https://cloudfunctions.googleapis.com/v1/operations/c3BpbGxsbC91cy1jZW50cmFsMS91cGxvYWRMaXZlUG9kY2FzdENvdmVyL2tEZVlLN0dhZjdJ 200
[debug] [2026-04-01T20:29:30.944Z] <<< [apiv2][body] GET https://cloudfunctions.googleapis.com/v1/operations/c3BpbGxsbC91cy1jZW50cmFsMS91cGxvYWRMaXZlUG9kY2FzdENvdmVyL2tEZVlLN0dhZjdJ {"name":"operations/c3BpbGxsbC91cy1jZW50cmFsMS91cGxvYWRMaXZlUG9kY2FzdENvdmVyL2tEZVlLN0dhZjdJ","metadata":{"@type":"type.googleapis.com/google.cloud.functions.v1.OperationMetadataV1","target":"projects/spillll/locations/us-central1/functions/uploadLivePodcastCover","type":"UPDATE_FUNCTION","request":{"@type":"type.googleapis.com/google.cloud.functions.v1.CloudFunction","name":"projects/spillll/locations/us-central1/functions/uploadLivePodcastCover","httpsTrigger":{"url":"https://us-central1-spillll.cloudfunctions.net/uploadLivePodcastCover","securityLevel":"SECURE_ALWAYS"},"status":"ACTIVE","entryPoint":"uploadLivePodcastCover","timeout":"300s","availableMemoryMb":1024,"updateTime":"2026-04-01T19:58:51.488Z","versionId":"5","labels":{"deployment-tool":"cli-firebase","deployment-callable":"true","firebase-functions-hash":"24e20cb46937b3f88efeb23827eacac843fccc18"},"sourceUploadUrl":"https://storage.googleapis.com/uploads-216752605292.us-central1.cloudfunctions.appspot.com/28f90a99-2eaa-4db8-b5f1-d4e2be986d8a.zip?GoogleAccessId=service-556048303589@gcf-admin-robot.iam.gserviceaccount.com&Expires=1775077169&Signature=SuL09lGYpTgrgfGBcS%2FKZvX8z2G3n9lOPVfXFTH3Lsg9tMUWJZpnQ6F74%2By4NQUL6LMGoySsJ6a9w%2Frb9jwKq6140OT6066fanukU%2B1LS8dhEAuRg6eKGHi2FmEMEWTB7JfJr%2FydlgR7QYHKBcbREj1dRPz8oSlrxtETnTczls5ADxbyM%2BiYGnMkGEXZh%2FlWv6nptDJYzkly6zR4JBTDTF%2F7ZLA1OCsZ16lIIkiZRG4S5JjAeN4eMKB9YbFpGDpT%2BrWLN0aXSYLMS3Pzrvste3YMAaYW7timwlhjpeP7YC179CZpGCszujuoYR4ae79rOc%2BOwLEWKVu%2BGdt1MXYm%2FQ%3D%3D","environmentVariables":{"FIREBASE_CONFIG":"{\"projectId\":\"spillll\",\"storageBucket\":\"spillll.firebasestorage.app\"}","GCLOUD_PROJECT":"spillll","EVENTARC_CLOUD_EVENT_SOURCE":"projects/spillll/locations/us-central1/functions/uploadLivePodcastCover"},"runtime":"nodejs22","buildId":"99ca2b43-537d-4d86-a71f-84cdd790dcea","buildEnvironmentVariables":{"GOOGLE_NODE_RUN_SCRIPTS":""},"buildName":"projects/556048303589/locations/us-central1/builds/99ca2b43-537d-4d86-a71f-84cdd790dcea","dockerRegistry":"ARTIFACT_REGISTRY","automaticUpdatePolicy":{},"buildServiceAccount":"projects/spillll/serviceAccounts/556048303589-compute@developer.gserviceaccount.com"},"versionId":"6","updateTime":"2026-04-01T20:29:30Z"}}
[debug] [2026-04-01T20:29:30.960Z] <<< [apiv2][status] GET https://cloudfunctions.googleapis.com/v1/operations/c3BpbGxsbC91cy1jZW50cmFsMS9zdGFydExpdmVQb2RjYXN0Um9vbS9zalliNUs5RDdCQQ 200
[debug] [2026-04-01T20:29:30.961Z] <<< [apiv2][body] GET https://cloudfunctions.googleapis.com/v1/operations/c3BpbGxsbC91cy1jZW50cmFsMS9zdGFydExpdmVQb2RjYXN0Um9vbS9zalliNUs5RDdCQQ {"name":"operations/c3BpbGxsbC91cy1jZW50cmFsMS9zdGFydExpdmVQb2RjYXN0Um9vbS9zalliNUs5RDdCQQ","metadata":{"@type":"type.googleapis.com/google.cloud.functions.v1.OperationMetadataV1","target":"projects/spillll/locations/us-central1/functions/startLivePodcastRoom","type":"UPDATE_FUNCTION","request":{"@type":"type.googleapis.com/google.cloud.functions.v1.CloudFunction","name":"projects/spillll/locations/us-central1/functions/startLivePodcastRoom","httpsTrigger":{"url":"https://us-central1-spillll.cloudfunctions.net/startLivePodcastRoom","securityLevel":"SECURE_ALWAYS"},"status":"ACTIVE","entryPoint":"startLivePodcastRoom","timeout":"120s","availableMemoryMb":512,"updateTime":"2026-04-01T19:58:49.980Z","versionId":"7","labels":{"deployment-tool":"cli-firebase","deployment-callable":"true","firebase-functions-hash":"24e20cb46937b3f88efeb23827eacac843fccc18"},"sourceUploadUrl":"https://storage.googleapis.com/uploads-216752605292.us-central1.cloudfunctions.appspot.com/28f90a99-2eaa-4db8-b5f1-d4e2be986d8a.zip?GoogleAccessId=service-556048303589@gcf-admin-robot.iam.gserviceaccount.com&Expires=1775077169&Signature=SuL09lGYpTgrgfGBcS%2FKZvX8z2G3n9lOPVfXFTH3Lsg9tMUWJZpnQ6F74%2By4NQUL6LMGoySsJ6a9w%2Frb9jwKq6140OT6066fanukU%2B1LS8dhEAuRg6eKGHi2FmEMEWTB7JfJr%2FydlgR7QYHKBcbREj1dRPz8oSlrxtETnTczls5ADxbyM%2BiYGnMkGEXZh%2FlWv6nptDJYzkly6zR4JBTDTF%2F7ZLA1OCsZ16lIIkiZRG4S5JjAeN4eMKB9YbFpGDpT%2BrWLN0aXSYLMS3Pzrvste3YMAaYW7timwlhjpeP7YC179CZpGCszujuoYR4ae79rOc%2BOwLEWKVu%2BGdt1MXYm%2FQ%3D%3D","environmentVariables":{"FIREBASE_CONFIG":"{\"projectId\":\"spillll\",\"storageBucket\":\"spillll.firebasestorage.app\"}","GCLOUD_PROJECT":"spillll","EVENTARC_CLOUD_EVENT_SOURCE":"projects/spillll/locations/us-central1/functions/startLivePodcastRoom"},"runtime":"nodejs22","buildId":"cf7c6376-b7e0-4a8a-9ef9-3fd29a4f35cb","buildEnvironmentVariables":{"GOOGLE_NODE_RUN_SCRIPTS":""},"buildName":"projects/556048303589/locations/us-central1/builds/cf7c6376-b7e0-4a8a-9ef9-3fd29a4f35cb","dockerRegistry":"ARTIFACT_REGISTRY","automaticUpdatePolicy":{},"buildServiceAccount":"projects/spillll/serviceAccounts/556048303589-compute@developer.gserviceaccount.com"},"versionId":"8","updateTime":"2026-04-01T20:29:30Z"}}
[debug] [2026-04-01T20:29:31.442Z] [update-default-us-central1-checkPostToxicity] Retrying task index 0
[debug] [2026-04-01T20:29:31.443Z] Checked if tokens are valid: true, expires at: 1775077054830
[debug] [2026-04-01T20:29:31.443Z] Checked if tokens are valid: true, expires at: 1775077054830
[debug] [2026-04-01T20:29:31.443Z] >>> [apiv2][query] GET https://cloudfunctions.googleapis.com/v1/operations/c3BpbGxsbC91cy1jZW50cmFsMS9jaGVja1Bvc3RUb3hpY2l0eS9mWk9Ld0hDOGEySQ [none]
[debug] [2026-04-01T20:29:31.444Z] [update-default-us-central1-uploadLivePodcastCover] Retrying task index 0
[debug] [2026-04-01T20:29:31.445Z] Checked if tokens are valid: true, expires at: 1775077054830
[debug] [2026-04-01T20:29:31.445Z] Checked if tokens are valid: true, expires at: 1775077054830
[debug] [2026-04-01T20:29:31.445Z] >>> [apiv2][query] GET https://cloudfunctions.googleapis.com/v1/operations/c3BpbGxsbC91cy1jZW50cmFsMS91cGxvYWRMaXZlUG9kY2FzdENvdmVyL2tEZVlLN0dhZjdJ [none]
[debug] [2026-04-01T20:29:31.462Z] [update-default-us-central1-startLivePodcastRoom] Retrying task index 0
[debug] [2026-04-01T20:29:31.462Z] Checked if tokens are valid: true, expires at: 1775077054830
[debug] [2026-04-01T20:29:31.462Z] Checked if tokens are valid: true, expires at: 1775077054830
[debug] [2026-04-01T20:29:31.463Z] >>> [apiv2][query] GET https://cloudfunctions.googleapis.com/v1/operations/c3BpbGxsbC91cy1jZW50cmFsMS9zdGFydExpdmVQb2RjYXN0Um9vbS9zalliNUs5RDdCQQ [none]
[debug] [2026-04-01T20:29:31.634Z] <<< [apiv2][status] GET https://cloudfunctions.googleapis.com/v1/operations/c3BpbGxsbC91cy1jZW50cmFsMS9zdGFydExpdmVQb2RjYXN0Um9vbS9zalliNUs5RDdCQQ 200
[debug] [2026-04-01T20:29:31.634Z] <<< [apiv2][body] GET https://cloudfunctions.googleapis.com/v1/operations/c3BpbGxsbC91cy1jZW50cmFsMS9zdGFydExpdmVQb2RjYXN0Um9vbS9zalliNUs5RDdCQQ {"name":"operations/c3BpbGxsbC91cy1jZW50cmFsMS9zdGFydExpdmVQb2RjYXN0Um9vbS9zalliNUs5RDdCQQ","metadata":{"@type":"type.googleapis.com/google.cloud.functions.v1.OperationMetadataV1","target":"projects/spillll/locations/us-central1/functions/startLivePodcastRoom","type":"UPDATE_FUNCTION","request":{"@type":"type.googleapis.com/google.cloud.functions.v1.CloudFunction","name":"projects/spillll/locations/us-central1/functions/startLivePodcastRoom","httpsTrigger":{"url":"https://us-central1-spillll.cloudfunctions.net/startLivePodcastRoom","securityLevel":"SECURE_ALWAYS"},"status":"ACTIVE","entryPoint":"startLivePodcastRoom","timeout":"120s","availableMemoryMb":512,"updateTime":"2026-04-01T19:58:49.980Z","versionId":"7","labels":{"deployment-tool":"cli-firebase","deployment-callable":"true","firebase-functions-hash":"24e20cb46937b3f88efeb23827eacac843fccc18"},"sourceUploadUrl":"https://storage.googleapis.com/uploads-216752605292.us-central1.cloudfunctions.appspot.com/28f90a99-2eaa-4db8-b5f1-d4e2be986d8a.zip?GoogleAccessId=service-556048303589@gcf-admin-robot.iam.gserviceaccount.com&Expires=1775077169&Signature=SuL09lGYpTgrgfGBcS%2FKZvX8z2G3n9lOPVfXFTH3Lsg9tMUWJZpnQ6F74%2By4NQUL6LMGoySsJ6a9w%2Frb9jwKq6140OT6066fanukU%2B1LS8dhEAuRg6eKGHi2FmEMEWTB7JfJr%2FydlgR7QYHKBcbREj1dRPz8oSlrxtETnTczls5ADxbyM%2BiYGnMkGEXZh%2FlWv6nptDJYzkly6zR4JBTDTF%2F7ZLA1OCsZ16lIIkiZRG4S5JjAeN4eMKB9YbFpGDpT%2BrWLN0aXSYLMS3Pzrvste3YMAaYW7timwlhjpeP7YC179CZpGCszujuoYR4ae79rOc%2BOwLEWKVu%2BGdt1MXYm%2FQ%3D%3D","environmentVariables":{"FIREBASE_CONFIG":"{\"projectId\":\"spillll\",\"storageBucket\":\"spillll.firebasestorage.app\"}","GCLOUD_PROJECT":"spillll","EVENTARC_CLOUD_EVENT_SOURCE":"projects/spillll/locations/us-central1/functions/startLivePodcastRoom"},"runtime":"nodejs22","buildId":"cf7c6376-b7e0-4a8a-9ef9-3fd29a4f35cb","buildEnvironmentVariables":{"GOOGLE_NODE_RUN_SCRIPTS":""},"buildName":"projects/556048303589/locations/us-central1/builds/cf7c6376-b7e0-4a8a-9ef9-3fd29a4f35cb","dockerRegistry":"ARTIFACT_REGISTRY","automaticUpdatePolicy":{},"buildServiceAccount":"projects/spillll/serviceAccounts/556048303589-compute@developer.gserviceaccount.com"},"versionId":"8","updateTime":"2026-04-01T20:29:30Z"}}
[debug] [2026-04-01T20:29:31.637Z] <<< [apiv2][status] GET https://cloudfunctions.googleapis.com/v1/operations/c3BpbGxsbC91cy1jZW50cmFsMS91cGxvYWRMaXZlUG9kY2FzdENvdmVyL2tEZVlLN0dhZjdJ 200
[debug] [2026-04-01T20:29:31.637Z] <<< [apiv2][body] GET https://cloudfunctions.googleapis.com/v1/operations/c3BpbGxsbC91cy1jZW50cmFsMS91cGxvYWRMaXZlUG9kY2FzdENvdmVyL2tEZVlLN0dhZjdJ {"name":"operations/c3BpbGxsbC91cy1jZW50cmFsMS91cGxvYWRMaXZlUG9kY2FzdENvdmVyL2tEZVlLN0dhZjdJ","metadata":{"@type":"type.googleapis.com/google.cloud.functions.v1.OperationMetadataV1","target":"projects/spillll/locations/us-central1/functions/uploadLivePodcastCover","type":"UPDATE_FUNCTION","request":{"@type":"type.googleapis.com/google.cloud.functions.v1.CloudFunction","name":"projects/spillll/locations/us-central1/functions/uploadLivePodcastCover","httpsTrigger":{"url":"https://us-central1-spillll.cloudfunctions.net/uploadLivePodcastCover","securityLevel":"SECURE_ALWAYS"},"status":"ACTIVE","entryPoint":"uploadLivePodcastCover","timeout":"300s","availableMemoryMb":1024,"updateTime":"2026-04-01T19:58:51.488Z","versionId":"5","labels":{"deployment-tool":"cli-firebase","deployment-callable":"true","firebase-functions-hash":"24e20cb46937b3f88efeb23827eacac843fccc18"},"sourceUploadUrl":"https://storage.googleapis.com/uploads-216752605292.us-central1.cloudfunctions.appspot.com/28f90a99-2eaa-4db8-b5f1-d4e2be986d8a.zip?GoogleAccessId=service-556048303589@gcf-admin-robot.iam.gserviceaccount.com&Expires=1775077169&Signature=SuL09lGYpTgrgfGBcS%2FKZvX8z2G3n9lOPVfXFTH3Lsg9tMUWJZpnQ6F74%2By4NQUL6LMGoySsJ6a9w%2Frb9jwKq6140OT6066fanukU%2B1LS8dhEAuRg6eKGHi2FmEMEWTB7JfJr%2FydlgR7QYHKBcbREj1dRPz8oSlrxtETnTczls5ADxbyM%2BiYGnMkGEXZh%2FlWv6nptDJYzkly6zR4JBTDTF%2F7ZLA1OCsZ16lIIkiZRG4S5JjAeN4eMKB9YbFpGDpT%2BrWLN0aXSYLMS3Pzrvste3YMAaYW7timwlhjpeP7YC179CZpGCszujuoYR4ae79rOc%2BOwLEWKVu%2BGdt1MXYm%2FQ%3D%3D","environmentVariables":{"FIREBASE_CONFIG":"{\"projectId\":\"spillll\",\"storageBucket\":\"spillll.firebasestorage.app\"}","GCLOUD_PROJECT":"spillll","EVENTARC_CLOUD_EVENT_SOURCE":"projects/spillll/locations/us-central1/functions/uploadLivePodcastCover"},"runtime":"nodejs22","buildId":"99ca2b43-537d-4d86-a71f-84cdd790dcea","buildEnvironmentVariables":{"GOOGLE_NODE_RUN_SCRIPTS":""},"buildName":"projects/556048303589/locations/us-central1/builds/99ca2b43-537d-4d86-a71f-84cdd790dcea","dockerRegistry":"ARTIFACT_REGISTRY","automaticUpdatePolicy":{},"buildServiceAccount":"projects/spillll/serviceAccounts/556048303589-compute@developer.gserviceaccount.com"},"versionId":"6","updateTime":"2026-04-01T20:29:30Z"}}
[debug] [2026-04-01T20:29:31.638Z] <<< [apiv2][status] GET https://cloudfunctions.googleapis.com/v1/operations/c3BpbGxsbC91cy1jZW50cmFsMS9jaGVja1Bvc3RUb3hpY2l0eS9mWk9Ld0hDOGEySQ 200
[debug] [2026-04-01T20:29:31.638Z] <<< [apiv2][body] GET https://cloudfunctions.googleapis.com/v1/operations/c3BpbGxsbC91cy1jZW50cmFsMS9jaGVja1Bvc3RUb3hpY2l0eS9mWk9Ld0hDOGEySQ {"name":"operations/c3BpbGxsbC91cy1jZW50cmFsMS9jaGVja1Bvc3RUb3hpY2l0eS9mWk9Ld0hDOGEySQ","metadata":{"@type":"type.googleapis.com/google.cloud.functions.v1.OperationMetadataV1","target":"projects/spillll/locations/us-central1/functions/checkPostToxicity","type":"UPDATE_FUNCTION","request":{"@type":"type.googleapis.com/google.cloud.functions.v1.CloudFunction","name":"projects/spillll/locations/us-central1/functions/checkPostToxicity","eventTrigger":{"eventType":"providers/cloud.firestore/eventTypes/document.create","resource":"projects/spillll/databases/(default)/documents/posts/{postId}","service":"firestore.googleapis.com"},"status":"ACTIVE","entryPoint":"checkPostToxicity","timeout":"30s","updateTime":"2026-04-01T19:58:57.741Z","versionId":"20","labels":{"deployment-tool":"cli-firebase","firebase-functions-hash":"24e20cb46937b3f88efeb23827eacac843fccc18"},"sourceUploadUrl":"https://storage.googleapis.com/uploads-216752605292.us-central1.cloudfunctions.appspot.com/28f90a99-2eaa-4db8-b5f1-d4e2be986d8a.zip?GoogleAccessId=service-556048303589@gcf-admin-robot.iam.gserviceaccount.com&Expires=1775077169&Signature=SuL09lGYpTgrgfGBcS%2FKZvX8z2G3n9lOPVfXFTH3Lsg9tMUWJZpnQ6F74%2By4NQUL6LMGoySsJ6a9w%2Frb9jwKq6140OT6066fanukU%2B1LS8dhEAuRg6eKGHi2FmEMEWTB7JfJr%2FydlgR7QYHKBcbREj1dRPz8oSlrxtETnTczls5ADxbyM%2BiYGnMkGEXZh%2FlWv6nptDJYzkly6zR4JBTDTF%2F7ZLA1OCsZ16lIIkiZRG4S5JjAeN4eMKB9YbFpGDpT%2BrWLN0aXSYLMS3Pzrvste3YMAaYW7timwlhjpeP7YC179CZpGCszujuoYR4ae79rOc%2BOwLEWKVu%2BGdt1MXYm%2FQ%3D%3D","environmentVariables":{"FIREBASE_CONFIG":"{\"projectId\":\"spillll\",\"storageBucket\":\"spillll.firebasestorage.app\"}","GCLOUD_PROJECT":"spillll","EVENTARC_CLOUD_EVENT_SOURCE":"projects/spillll/locations/us-central1/functions/checkPostToxicity"},"runtime":"nodejs22","buildId":"19cb571c-67f4-420b-a25d-17f50b708cd2","buildEnvironmentVariables":{"GOOGLE_NODE_RUN_SCRIPTS":""},"buildName":"projects/556048303589/locations/us-central1/builds/19cb571c-67f4-420b-a25d-17f50b708cd2","dockerRegistry":"ARTIFACT_REGISTRY","automaticUpdatePolicy":{},"buildServiceAccount":"projects/spillll/serviceAccounts/556048303589-compute@developer.gserviceaccount.com"},"versionId":"21","updateTime":"2026-04-01T20:29:30Z"}}
[debug] [2026-04-01T20:29:32.636Z] [update-default-us-central1-startLivePodcastRoom] Retrying task index 0
[debug] [2026-04-01T20:29:32.637Z] Checked if tokens are valid: true, expires at: 1775077054830
[debug] [2026-04-01T20:29:32.637Z] Checked if tokens are valid: true, expires at: 1775077054830
[debug] [2026-04-01T20:29:32.637Z] >>> [apiv2][query] GET https://cloudfunctions.googleapis.com/v1/operations/c3BpbGxsbC91cy1jZW50cmFsMS9zdGFydExpdmVQb2RjYXN0Um9vbS9zalliNUs5RDdCQQ [none]
[debug] [2026-04-01T20:29:32.639Z] [update-default-us-central1-uploadLivePodcastCover] Retrying task index 0
[debug] [2026-04-01T20:29:32.639Z] Checked if tokens are valid: true, expires at: 1775077054830
[debug] [2026-04-01T20:29:32.639Z] Checked if tokens are valid: true, expires at: 1775077054830
[debug] [2026-04-01T20:29:32.639Z] >>> [apiv2][query] GET https://cloudfunctions.googleapis.com/v1/operations/c3BpbGxsbC91cy1jZW50cmFsMS91cGxvYWRMaXZlUG9kY2FzdENvdmVyL2tEZVlLN0dhZjdJ [none]
[debug] [2026-04-01T20:29:32.639Z] [update-default-us-central1-checkPostToxicity] Retrying task index 0
[debug] [2026-04-01T20:29:32.639Z] Checked if tokens are valid: true, expires at: 1775077054830
[debug] [2026-04-01T20:29:32.639Z] Checked if tokens are valid: true, expires at: 1775077054830
[debug] [2026-04-01T20:29:32.639Z] >>> [apiv2][query] GET https://cloudfunctions.googleapis.com/v1/operations/c3BpbGxsbC91cy1jZW50cmFsMS9jaGVja1Bvc3RUb3hpY2l0eS9mWk9Ld0hDOGEySQ [none]
[debug] [2026-04-01T20:29:32.801Z] <<< [apiv2][status] GET https://cloudfunctions.googleapis.com/v1/operations/c3BpbGxsbC91cy1jZW50cmFsMS9jaGVja1Bvc3RUb3hpY2l0eS9mWk9Ld0hDOGEySQ 200
[debug] [2026-04-01T20:29:32.801Z] <<< [apiv2][body] GET https://cloudfunctions.googleapis.com/v1/operations/c3BpbGxsbC91cy1jZW50cmFsMS9jaGVja1Bvc3RUb3hpY2l0eS9mWk9Ld0hDOGEySQ {"name":"operations/c3BpbGxsbC91cy1jZW50cmFsMS9jaGVja1Bvc3RUb3hpY2l0eS9mWk9Ld0hDOGEySQ","metadata":{"@type":"type.googleapis.com/google.cloud.functions.v1.OperationMetadataV1","target":"projects/spillll/locations/us-central1/functions/checkPostToxicity","type":"UPDATE_FUNCTION","request":{"@type":"type.googleapis.com/google.cloud.functions.v1.CloudFunction","name":"projects/spillll/locations/us-central1/functions/checkPostToxicity","eventTrigger":{"eventType":"providers/cloud.firestore/eventTypes/document.create","resource":"projects/spillll/databases/(default)/documents/posts/{postId}","service":"firestore.googleapis.com"},"status":"ACTIVE","entryPoint":"checkPostToxicity","timeout":"30s","updateTime":"2026-04-01T19:58:57.741Z","versionId":"20","labels":{"deployment-tool":"cli-firebase","firebase-functions-hash":"24e20cb46937b3f88efeb23827eacac843fccc18"},"sourceUploadUrl":"https://storage.googleapis.com/uploads-216752605292.us-central1.cloudfunctions.appspot.com/28f90a99-2eaa-4db8-b5f1-d4e2be986d8a.zip?GoogleAccessId=service-556048303589@gcf-admin-robot.iam.gserviceaccount.com&Expires=1775077169&Signature=SuL09lGYpTgrgfGBcS%2FKZvX8z2G3n9lOPVfXFTH3Lsg9tMUWJZpnQ6F74%2By4NQUL6LMGoySsJ6a9w%2Frb9jwKq6140OT6066fanukU%2B1LS8dhEAuRg6eKGHi2FmEMEWTB7JfJr%2FydlgR7QYHKBcbREj1dRPz8oSlrxtETnTczls5ADxbyM%2BiYGnMkGEXZh%2FlWv6nptDJYzkly6zR4JBTDTF%2F7ZLA1OCsZ16lIIkiZRG4S5JjAeN4eMKB9YbFpGDpT%2BrWLN0aXSYLMS3Pzrvste3YMAaYW7timwlhjpeP7YC179CZpGCszujuoYR4ae79rOc%2BOwLEWKVu%2BGdt1MXYm%2FQ%3D%3D","environmentVariables":{"FIREBASE_CONFIG":"{\"projectId\":\"spillll\",\"storageBucket\":\"spillll.firebasestorage.app\"}","GCLOUD_PROJECT":"spillll","EVENTARC_CLOUD_EVENT_SOURCE":"projects/spillll/locations/us-central1/functions/checkPostToxicity"},"runtime":"nodejs22","buildId":"19cb571c-67f4-420b-a25d-17f50b708cd2","buildEnvironmentVariables":{"GOOGLE_NODE_RUN_SCRIPTS":""},"buildName":"projects/556048303589/locations/us-central1/builds/19cb571c-67f4-420b-a25d-17f50b708cd2","dockerRegistry":"ARTIFACT_REGISTRY","automaticUpdatePolicy":{},"buildServiceAccount":"projects/spillll/serviceAccounts/556048303589-compute@developer.gserviceaccount.com"},"versionId":"21","updateTime":"2026-04-01T20:29:30Z","buildId":"e04f8898-b8d4-454d-9ea4-05c5480b22af","buildName":"projects/556048303589/locations/us-central1/builds/e04f8898-b8d4-454d-9ea4-05c5480b22af"}}
[debug] [2026-04-01T20:29:32.813Z] <<< [apiv2][status] GET https://cloudfunctions.googleapis.com/v1/operations/c3BpbGxsbC91cy1jZW50cmFsMS9zdGFydExpdmVQb2RjYXN0Um9vbS9zalliNUs5RDdCQQ 200
[debug] [2026-04-01T20:29:32.813Z] <<< [apiv2][body] GET https://cloudfunctions.googleapis.com/v1/operations/c3BpbGxsbC91cy1jZW50cmFsMS9zdGFydExpdmVQb2RjYXN0Um9vbS9zalliNUs5RDdCQQ {"name":"operations/c3BpbGxsbC91cy1jZW50cmFsMS9zdGFydExpdmVQb2RjYXN0Um9vbS9zalliNUs5RDdCQQ","metadata":{"@type":"type.googleapis.com/google.cloud.functions.v1.OperationMetadataV1","target":"projects/spillll/locations/us-central1/functions/startLivePodcastRoom","type":"UPDATE_FUNCTION","request":{"@type":"type.googleapis.com/google.cloud.functions.v1.CloudFunction","name":"projects/spillll/locations/us-central1/functions/startLivePodcastRoom","httpsTrigger":{"url":"https://us-central1-spillll.cloudfunctions.net/startLivePodcastRoom","securityLevel":"SECURE_ALWAYS"},"status":"ACTIVE","entryPoint":"startLivePodcastRoom","timeout":"120s","availableMemoryMb":512,"updateTime":"2026-04-01T19:58:49.980Z","versionId":"7","labels":{"deployment-tool":"cli-firebase","deployment-callable":"true","firebase-functions-hash":"24e20cb46937b3f88efeb23827eacac843fccc18"},"sourceUploadUrl":"https://storage.googleapis.com/uploads-216752605292.us-central1.cloudfunctions.appspot.com/28f90a99-2eaa-4db8-b5f1-d4e2be986d8a.zip?GoogleAccessId=service-556048303589@gcf-admin-robot.iam.gserviceaccount.com&Expires=1775077169&Signature=SuL09lGYpTgrgfGBcS%2FKZvX8z2G3n9lOPVfXFTH3Lsg9tMUWJZpnQ6F74%2By4NQUL6LMGoySsJ6a9w%2Frb9jwKq6140OT6066fanukU%2B1LS8dhEAuRg6eKGHi2FmEMEWTB7JfJr%2FydlgR7QYHKBcbREj1dRPz8oSlrxtETnTczls5ADxbyM%2BiYGnMkGEXZh%2FlWv6nptDJYzkly6zR4JBTDTF%2F7ZLA1OCsZ16lIIkiZRG4S5JjAeN4eMKB9YbFpGDpT%2BrWLN0aXSYLMS3Pzrvste3YMAaYW7timwlhjpeP7YC179CZpGCszujuoYR4ae79rOc%2BOwLEWKVu%2BGdt1MXYm%2FQ%3D%3D","environmentVariables":{"FIREBASE_CONFIG":"{\"projectId\":\"spillll\",\"storageBucket\":\"spillll.firebasestorage.app\"}","GCLOUD_PROJECT":"spillll","EVENTARC_CLOUD_EVENT_SOURCE":"projects/spillll/locations/us-central1/functions/startLivePodcastRoom"},"runtime":"nodejs22","buildId":"cf7c6376-b7e0-4a8a-9ef9-3fd29a4f35cb","buildEnvironmentVariables":{"GOOGLE_NODE_RUN_SCRIPTS":""},"buildName":"projects/556048303589/locations/us-central1/builds/cf7c6376-b7e0-4a8a-9ef9-3fd29a4f35cb","dockerRegistry":"ARTIFACT_REGISTRY","automaticUpdatePolicy":{},"buildServiceAccount":"projects/spillll/serviceAccounts/556048303589-compute@developer.gserviceaccount.com"},"versionId":"8","updateTime":"2026-04-01T20:29:30Z","buildId":"b2345abd-f7ab-4e77-8a18-7f386ef2daad","buildName":"projects/556048303589/locations/us-central1/builds/b2345abd-f7ab-4e77-8a18-7f386ef2daad"}}
[debug] [2026-04-01T20:29:32.824Z] <<< [apiv2][status] GET https://cloudfunctions.googleapis.com/v1/operations/c3BpbGxsbC91cy1jZW50cmFsMS91cGxvYWRMaXZlUG9kY2FzdENvdmVyL2tEZVlLN0dhZjdJ 200
[debug] [2026-04-01T20:29:32.825Z] <<< [apiv2][body] GET https://cloudfunctions.googleapis.com/v1/operations/c3BpbGxsbC91cy1jZW50cmFsMS91cGxvYWRMaXZlUG9kY2FzdENvdmVyL2tEZVlLN0dhZjdJ {"name":"operations/c3BpbGxsbC91cy1jZW50cmFsMS91cGxvYWRMaXZlUG9kY2FzdENvdmVyL2tEZVlLN0dhZjdJ","metadata":{"@type":"type.googleapis.com/google.cloud.functions.v1.OperationMetadataV1","target":"projects/spillll/locations/us-central1/functions/uploadLivePodcastCover","type":"UPDATE_FUNCTION","request":{"@type":"type.googleapis.com/google.cloud.functions.v1.CloudFunction","name":"projects/spillll/locations/us-central1/functions/uploadLivePodcastCover","httpsTrigger":{"url":"https://us-central1-spillll.cloudfunctions.net/uploadLivePodcastCover","securityLevel":"SECURE_ALWAYS"},"status":"ACTIVE","entryPoint":"uploadLivePodcastCover","timeout":"300s","availableMemoryMb":1024,"updateTime":"2026-04-01T19:58:51.488Z","versionId":"5","labels":{"deployment-tool":"cli-firebase","deployment-callable":"true","firebase-functions-hash":"24e20cb46937b3f88efeb23827eacac843fccc18"},"sourceUploadUrl":"https://storage.googleapis.com/uploads-216752605292.us-central1.cloudfunctions.appspot.com/28f90a99-2eaa-4db8-b5f1-d4e2be986d8a.zip?GoogleAccessId=service-556048303589@gcf-admin-robot.iam.gserviceaccount.com&Expires=1775077169&Signature=SuL09lGYpTgrgfGBcS%2FKZvX8z2G3n9lOPVfXFTH3Lsg9tMUWJZpnQ6F74%2By4NQUL6LMGoySsJ6a9w%2Frb9jwKq6140OT6066fanukU%2B1LS8dhEAuRg6eKGHi2FmEMEWTB7JfJr%2FydlgR7QYHKBcbREj1dRPz8oSlrxtETnTczls5ADxbyM%2BiYGnMkGEXZh%2FlWv6nptDJYzkly6zR4JBTDTF%2F7ZLA1OCsZ16lIIkiZRG4S5JjAeN4eMKB9YbFpGDpT%2BrWLN0aXSYLMS3Pzrvste3YMAaYW7timwlhjpeP7YC179CZpGCszujuoYR4ae79rOc%2BOwLEWKVu%2BGdt1MXYm%2FQ%3D%3D","environmentVariables":{"FIREBASE_CONFIG":"{\"projectId\":\"spillll\",\"storageBucket\":\"spillll.firebasestorage.app\"}","GCLOUD_PROJECT":"spillll","EVENTARC_CLOUD_EVENT_SOURCE":"projects/spillll/locations/us-central1/functions/uploadLivePodcastCover"},"runtime":"nodejs22","buildId":"99ca2b43-537d-4d86-a71f-84cdd790dcea","buildEnvironmentVariables":{"GOOGLE_NODE_RUN_SCRIPTS":""},"buildName":"projects/556048303589/locations/us-central1/builds/99ca2b43-537d-4d86-a71f-84cdd790dcea","dockerRegistry":"ARTIFACT_REGISTRY","automaticUpdatePolicy":{},"buildServiceAccount":"projects/spillll/serviceAccounts/556048303589-compute@developer.gserviceaccount.com"},"versionId":"6","updateTime":"2026-04-01T20:29:30Z","buildId":"0493c304-f251-4835-b11b-ce0ac76678d7","buildName":"projects/556048303589/locations/us-central1/builds/0493c304-f251-4835-b11b-ce0ac76678d7"}}
[debug] [2026-04-01T20:29:34.804Z] [update-default-us-central1-checkPostToxicity] Retrying task index 0
[debug] [2026-04-01T20:29:34.805Z] Checked if tokens are valid: true, expires at: 1775077054830
[debug] [2026-04-01T20:29:34.805Z] Checked if tokens are valid: true, expires at: 1775077054830
[debug] [2026-04-01T20:29:34.805Z] >>> [apiv2][query] GET https://cloudfunctions.googleapis.com/v1/operations/c3BpbGxsbC91cy1jZW50cmFsMS9jaGVja1Bvc3RUb3hpY2l0eS9mWk9Ld0hDOGEySQ [none]
[debug] [2026-04-01T20:29:34.814Z] [update-default-us-central1-startLivePodcastRoom] Retrying task index 0
[debug] [2026-04-01T20:29:34.814Z] Checked if tokens are valid: true, expires at: 1775077054830
[debug] [2026-04-01T20:29:34.814Z] Checked if tokens are valid: true, expires at: 1775077054830
[debug] [2026-04-01T20:29:34.814Z] >>> [apiv2][query] GET https://cloudfunctions.googleapis.com/v1/operations/c3BpbGxsbC91cy1jZW50cmFsMS9zdGFydExpdmVQb2RjYXN0Um9vbS9zalliNUs5RDdCQQ [none]
[debug] [2026-04-01T20:29:34.826Z] [update-default-us-central1-uploadLivePodcastCover] Retrying task index 0
[debug] [2026-04-01T20:29:34.826Z] Checked if tokens are valid: true, expires at: 1775077054830
[debug] [2026-04-01T20:29:34.826Z] Checked if tokens are valid: true, expires at: 1775077054830
[debug] [2026-04-01T20:29:34.826Z] >>> [apiv2][query] GET https://cloudfunctions.googleapis.com/v1/operations/c3BpbGxsbC91cy1jZW50cmFsMS91cGxvYWRMaXZlUG9kY2FzdENvdmVyL2tEZVlLN0dhZjdJ [none]
[debug] [2026-04-01T20:29:34.973Z] <<< [apiv2][status] GET https://cloudfunctions.googleapis.com/v1/operations/c3BpbGxsbC91cy1jZW50cmFsMS9jaGVja1Bvc3RUb3hpY2l0eS9mWk9Ld0hDOGEySQ 200
[debug] [2026-04-01T20:29:34.973Z] <<< [apiv2][body] GET https://cloudfunctions.googleapis.com/v1/operations/c3BpbGxsbC91cy1jZW50cmFsMS9jaGVja1Bvc3RUb3hpY2l0eS9mWk9Ld0hDOGEySQ {"name":"operations/c3BpbGxsbC91cy1jZW50cmFsMS9jaGVja1Bvc3RUb3hpY2l0eS9mWk9Ld0hDOGEySQ","metadata":{"@type":"type.googleapis.com/google.cloud.functions.v1.OperationMetadataV1","target":"projects/spillll/locations/us-central1/functions/checkPostToxicity","type":"UPDATE_FUNCTION","request":{"@type":"type.googleapis.com/google.cloud.functions.v1.CloudFunction","name":"projects/spillll/locations/us-central1/functions/checkPostToxicity","eventTrigger":{"eventType":"providers/cloud.firestore/eventTypes/document.create","resource":"projects/spillll/databases/(default)/documents/posts/{postId}","service":"firestore.googleapis.com"},"status":"ACTIVE","entryPoint":"checkPostToxicity","timeout":"30s","updateTime":"2026-04-01T19:58:57.741Z","versionId":"20","labels":{"deployment-tool":"cli-firebase","firebase-functions-hash":"24e20cb46937b3f88efeb23827eacac843fccc18"},"sourceUploadUrl":"https://storage.googleapis.com/uploads-216752605292.us-central1.cloudfunctions.appspot.com/28f90a99-2eaa-4db8-b5f1-d4e2be986d8a.zip?GoogleAccessId=service-556048303589@gcf-admin-robot.iam.gserviceaccount.com&Expires=1775077169&Signature=SuL09lGYpTgrgfGBcS%2FKZvX8z2G3n9lOPVfXFTH3Lsg9tMUWJZpnQ6F74%2By4NQUL6LMGoySsJ6a9w%2Frb9jwKq6140OT6066fanukU%2B1LS8dhEAuRg6eKGHi2FmEMEWTB7JfJr%2FydlgR7QYHKBcbREj1dRPz8oSlrxtETnTczls5ADxbyM%2BiYGnMkGEXZh%2FlWv6nptDJYzkly6zR4JBTDTF%2F7ZLA1OCsZ16lIIkiZRG4S5JjAeN4eMKB9YbFpGDpT%2BrWLN0aXSYLMS3Pzrvste3YMAaYW7timwlhjpeP7YC179CZpGCszujuoYR4ae79rOc%2BOwLEWKVu%2BGdt1MXYm%2FQ%3D%3D","environmentVariables":{"FIREBASE_CONFIG":"{\"projectId\":\"spillll\",\"storageBucket\":\"spillll.firebasestorage.app\"}","GCLOUD_PROJECT":"spillll","EVENTARC_CLOUD_EVENT_SOURCE":"projects/spillll/locations/us-central1/functions/checkPostToxicity"},"runtime":"nodejs22","buildId":"19cb571c-67f4-420b-a25d-17f50b708cd2","buildEnvironmentVariables":{"GOOGLE_NODE_RUN_SCRIPTS":""},"buildName":"projects/556048303589/locations/us-central1/builds/19cb571c-67f4-420b-a25d-17f50b708cd2","dockerRegistry":"ARTIFACT_REGISTRY","automaticUpdatePolicy":{},"buildServiceAccount":"projects/spillll/serviceAccounts/556048303589-compute@developer.gserviceaccount.com"},"versionId":"21","updateTime":"2026-04-01T20:29:30Z","buildId":"e04f8898-b8d4-454d-9ea4-05c5480b22af","buildName":"projects/556048303589/locations/us-central1/builds/e04f8898-b8d4-454d-9ea4-05c5480b22af"}}
[debug] [2026-04-01T20:29:34.995Z] <<< [apiv2][status] GET https://cloudfunctions.googleapis.com/v1/operations/c3BpbGxsbC91cy1jZW50cmFsMS9zdGFydExpdmVQb2RjYXN0Um9vbS9zalliNUs5RDdCQQ 200
[debug] [2026-04-01T20:29:34.995Z] <<< [apiv2][body] GET https://cloudfunctions.googleapis.com/v1/operations/c3BpbGxsbC91cy1jZW50cmFsMS9zdGFydExpdmVQb2RjYXN0Um9vbS9zalliNUs5RDdCQQ {"name":"operations/c3BpbGxsbC91cy1jZW50cmFsMS9zdGFydExpdmVQb2RjYXN0Um9vbS9zalliNUs5RDdCQQ","metadata":{"@type":"type.googleapis.com/google.cloud.functions.v1.OperationMetadataV1","target":"projects/spillll/locations/us-central1/functions/startLivePodcastRoom","type":"UPDATE_FUNCTION","request":{"@type":"type.googleapis.com/google.cloud.functions.v1.CloudFunction","name":"projects/spillll/locations/us-central1/functions/startLivePodcastRoom","httpsTrigger":{"url":"https://us-central1-spillll.cloudfunctions.net/startLivePodcastRoom","securityLevel":"SECURE_ALWAYS"},"status":"ACTIVE","entryPoint":"startLivePodcastRoom","timeout":"120s","availableMemoryMb":512,"updateTime":"2026-04-01T19:58:49.980Z","versionId":"7","labels":{"deployment-tool":"cli-firebase","deployment-callable":"true","firebase-functions-hash":"24e20cb46937b3f88efeb23827eacac843fccc18"},"sourceUploadUrl":"https://storage.googleapis.com/uploads-216752605292.us-central1.cloudfunctions.appspot.com/28f90a99-2eaa-4db8-b5f1-d4e2be986d8a.zip?GoogleAccessId=service-556048303589@gcf-admin-robot.iam.gserviceaccount.com&Expires=1775077169&Signature=SuL09lGYpTgrgfGBcS%2FKZvX8z2G3n9lOPVfXFTH3Lsg9tMUWJZpnQ6F74%2By4NQUL6LMGoySsJ6a9w%2Frb9jwKq6140OT6066fanukU%2B1LS8dhEAuRg6eKGHi2FmEMEWTB7JfJr%2FydlgR7QYHKBcbREj1dRPz8oSlrxtETnTczls5ADxbyM%2BiYGnMkGEXZh%2FlWv6nptDJYzkly6zR4JBTDTF%2F7ZLA1OCsZ16lIIkiZRG4S5JjAeN4eMKB9YbFpGDpT%2BrWLN0aXSYLMS3Pzrvste3YMAaYW7timwlhjpeP7YC179CZpGCszujuoYR4ae79rOc%2BOwLEWKVu%2BGdt1MXYm%2FQ%3D%3D","environmentVariables":{"FIREBASE_CONFIG":"{\"projectId\":\"spillll\",\"storageBucket\":\"spillll.firebasestorage.app\"}","GCLOUD_PROJECT":"spillll","EVENTARC_CLOUD_EVENT_SOURCE":"projects/spillll/locations/us-central1/functions/startLivePodcastRoom"},"runtime":"nodejs22","buildId":"cf7c6376-b7e0-4a8a-9ef9-3fd29a4f35cb","buildEnvironmentVariables":{"GOOGLE_NODE_RUN_SCRIPTS":""},"buildName":"projects/556048303589/locations/us-central1/builds/cf7c6376-b7e0-4a8a-9ef9-3fd29a4f35cb","dockerRegistry":"ARTIFACT_REGISTRY","automaticUpdatePolicy":{},"buildServiceAccount":"projects/spillll/serviceAccounts/556048303589-compute@developer.gserviceaccount.com"},"versionId":"8","updateTime":"2026-04-01T20:29:30Z","buildId":"b2345abd-f7ab-4e77-8a18-7f386ef2daad","buildName":"projects/556048303589/locations/us-central1/builds/b2345abd-f7ab-4e77-8a18-7f386ef2daad"}}
[debug] [2026-04-01T20:29:35.000Z] <<< [apiv2][status] GET https://cloudfunctions.googleapis.com/v1/operations/c3BpbGxsbC91cy1jZW50cmFsMS91cGxvYWRMaXZlUG9kY2FzdENvdmVyL2tEZVlLN0dhZjdJ 200
[debug] [2026-04-01T20:29:35.000Z] <<< [apiv2][body] GET https://cloudfunctions.googleapis.com/v1/operations/c3BpbGxsbC91cy1jZW50cmFsMS91cGxvYWRMaXZlUG9kY2FzdENvdmVyL2tEZVlLN0dhZjdJ {"name":"operations/c3BpbGxsbC91cy1jZW50cmFsMS91cGxvYWRMaXZlUG9kY2FzdENvdmVyL2tEZVlLN0dhZjdJ","metadata":{"@type":"type.googleapis.com/google.cloud.functions.v1.OperationMetadataV1","target":"projects/spillll/locations/us-central1/functions/uploadLivePodcastCover","type":"UPDATE_FUNCTION","request":{"@type":"type.googleapis.com/google.cloud.functions.v1.CloudFunction","name":"projects/spillll/locations/us-central1/functions/uploadLivePodcastCover","httpsTrigger":{"url":"https://us-central1-spillll.cloudfunctions.net/uploadLivePodcastCover","securityLevel":"SECURE_ALWAYS"},"status":"ACTIVE","entryPoint":"uploadLivePodcastCover","timeout":"300s","availableMemoryMb":1024,"updateTime":"2026-04-01T19:58:51.488Z","versionId":"5","labels":{"deployment-tool":"cli-firebase","deployment-callable":"true","firebase-functions-hash":"24e20cb46937b3f88efeb23827eacac843fccc18"},"sourceUploadUrl":"https://storage.googleapis.com/uploads-216752605292.us-central1.cloudfunctions.appspot.com/28f90a99-2eaa-4db8-b5f1-d4e2be986d8a.zip?GoogleAccessId=service-556048303589@gcf-admin-robot.iam.gserviceaccount.com&Expires=1775077169&Signature=SuL09lGYpTgrgfGBcS%2FKZvX8z2G3n9lOPVfXFTH3Lsg9tMUWJZpnQ6F74%2By4NQUL6LMGoySsJ6a9w%2Frb9jwKq6140OT6066fanukU%2B1LS8dhEAuRg6eKGHi2FmEMEWTB7JfJr%2FydlgR7QYHKBcbREj1dRPz8oSlrxtETnTczls5ADxbyM%2BiYGnMkGEXZh%2FlWv6nptDJYzkly6zR4JBTDTF%2F7ZLA1OCsZ16lIIkiZRG4S5JjAeN4eMKB9YbFpGDpT%2BrWLN0aXSYLMS3Pzrvste3YMAaYW7timwlhjpeP7YC179CZpGCszujuoYR4ae79rOc%2BOwLEWKVu%2BGdt1MXYm%2FQ%3D%3D","environmentVariables":{"FIREBASE_CONFIG":"{\"projectId\":\"spillll\",\"storageBucket\":\"spillll.firebasestorage.app\"}","GCLOUD_PROJECT":"spillll","EVENTARC_CLOUD_EVENT_SOURCE":"projects/spillll/locations/us-central1/functions/uploadLivePodcastCover"},"runtime":"nodejs22","buildId":"99ca2b43-537d-4d86-a71f-84cdd790dcea","buildEnvironmentVariables":{"GOOGLE_NODE_RUN_SCRIPTS":""},"buildName":"projects/556048303589/locations/us-central1/builds/99ca2b43-537d-4d86-a71f-84cdd790dcea","dockerRegistry":"ARTIFACT_REGISTRY","automaticUpdatePolicy":{},"buildServiceAccount":"projects/spillll/serviceAccounts/556048303589-compute@developer.gserviceaccount.com"},"versionId":"6","updateTime":"2026-04-01T20:29:30Z","buildId":"0493c304-f251-4835-b11b-ce0ac76678d7","buildName":"projects/556048303589/locations/us-central1/builds/0493c304-f251-4835-b11b-ce0ac76678d7"}}
[debug] [2026-04-01T20:29:38.975Z] [update-default-us-central1-checkPostToxicity] Retrying task index 0
[debug] [2026-04-01T20:29:38.976Z] Checked if tokens are valid: true, expires at: 1775077054830
[debug] [2026-04-01T20:29:38.976Z] Checked if tokens are valid: true, expires at: 1775077054830
[debug] [2026-04-01T20:29:38.976Z] >>> [apiv2][query] GET https://cloudfunctions.googleapis.com/v1/operations/c3BpbGxsbC91cy1jZW50cmFsMS9jaGVja1Bvc3RUb3hpY2l0eS9mWk9Ld0hDOGEySQ [none]
[debug] [2026-04-01T20:29:38.997Z] [update-default-us-central1-startLivePodcastRoom] Retrying task index 0
[debug] [2026-04-01T20:29:38.997Z] Checked if tokens are valid: true, expires at: 1775077054830
[debug] [2026-04-01T20:29:38.997Z] Checked if tokens are valid: true, expires at: 1775077054830
[debug] [2026-04-01T20:29:38.997Z] >>> [apiv2][query] GET https://cloudfunctions.googleapis.com/v1/operations/c3BpbGxsbC91cy1jZW50cmFsMS9zdGFydExpdmVQb2RjYXN0Um9vbS9zalliNUs5RDdCQQ [none]
[debug] [2026-04-01T20:29:39.002Z] [update-default-us-central1-uploadLivePodcastCover] Retrying task index 0
[debug] [2026-04-01T20:29:39.002Z] Checked if tokens are valid: true, expires at: 1775077054830
[debug] [2026-04-01T20:29:39.002Z] Checked if tokens are valid: true, expires at: 1775077054830
[debug] [2026-04-01T20:29:39.003Z] >>> [apiv2][query] GET https://cloudfunctions.googleapis.com/v1/operations/c3BpbGxsbC91cy1jZW50cmFsMS91cGxvYWRMaXZlUG9kY2FzdENvdmVyL2tEZVlLN0dhZjdJ [none]
[debug] [2026-04-01T20:29:39.148Z] <<< [apiv2][status] GET https://cloudfunctions.googleapis.com/v1/operations/c3BpbGxsbC91cy1jZW50cmFsMS9jaGVja1Bvc3RUb3hpY2l0eS9mWk9Ld0hDOGEySQ 200
[debug] [2026-04-01T20:29:39.148Z] <<< [apiv2][body] GET https://cloudfunctions.googleapis.com/v1/operations/c3BpbGxsbC91cy1jZW50cmFsMS9jaGVja1Bvc3RUb3hpY2l0eS9mWk9Ld0hDOGEySQ {"name":"operations/c3BpbGxsbC91cy1jZW50cmFsMS9jaGVja1Bvc3RUb3hpY2l0eS9mWk9Ld0hDOGEySQ","metadata":{"@type":"type.googleapis.com/google.cloud.functions.v1.OperationMetadataV1","target":"projects/spillll/locations/us-central1/functions/checkPostToxicity","type":"UPDATE_FUNCTION","request":{"@type":"type.googleapis.com/google.cloud.functions.v1.CloudFunction","name":"projects/spillll/locations/us-central1/functions/checkPostToxicity","eventTrigger":{"eventType":"providers/cloud.firestore/eventTypes/document.create","resource":"projects/spillll/databases/(default)/documents/posts/{postId}","service":"firestore.googleapis.com"},"status":"ACTIVE","entryPoint":"checkPostToxicity","timeout":"30s","updateTime":"2026-04-01T19:58:57.741Z","versionId":"20","labels":{"deployment-tool":"cli-firebase","firebase-functions-hash":"24e20cb46937b3f88efeb23827eacac843fccc18"},"sourceUploadUrl":"https://storage.googleapis.com/uploads-216752605292.us-central1.cloudfunctions.appspot.com/28f90a99-2eaa-4db8-b5f1-d4e2be986d8a.zip?GoogleAccessId=service-556048303589@gcf-admin-robot.iam.gserviceaccount.com&Expires=1775077169&Signature=SuL09lGYpTgrgfGBcS%2FKZvX8z2G3n9lOPVfXFTH3Lsg9tMUWJZpnQ6F74%2By4NQUL6LMGoySsJ6a9w%2Frb9jwKq6140OT6066fanukU%2B1LS8dhEAuRg6eKGHi2FmEMEWTB7JfJr%2FydlgR7QYHKBcbREj1dRPz8oSlrxtETnTczls5ADxbyM%2BiYGnMkGEXZh%2FlWv6nptDJYzkly6zR4JBTDTF%2F7ZLA1OCsZ16lIIkiZRG4S5JjAeN4eMKB9YbFpGDpT%2BrWLN0aXSYLMS3Pzrvste3YMAaYW7timwlhjpeP7YC179CZpGCszujuoYR4ae79rOc%2BOwLEWKVu%2BGdt1MXYm%2FQ%3D%3D","environmentVariables":{"FIREBASE_CONFIG":"{\"projectId\":\"spillll\",\"storageBucket\":\"spillll.firebasestorage.app\"}","GCLOUD_PROJECT":"spillll","EVENTARC_CLOUD_EVENT_SOURCE":"projects/spillll/locations/us-central1/functions/checkPostToxicity"},"runtime":"nodejs22","buildId":"19cb571c-67f4-420b-a25d-17f50b708cd2","buildEnvironmentVariables":{"GOOGLE_NODE_RUN_SCRIPTS":""},"buildName":"projects/556048303589/locations/us-central1/builds/19cb571c-67f4-420b-a25d-17f50b708cd2","dockerRegistry":"ARTIFACT_REGISTRY","automaticUpdatePolicy":{},"buildServiceAccount":"projects/spillll/serviceAccounts/556048303589-compute@developer.gserviceaccount.com"},"versionId":"21","updateTime":"2026-04-01T20:29:30Z","buildId":"e04f8898-b8d4-454d-9ea4-05c5480b22af","buildName":"projects/556048303589/locations/us-central1/builds/e04f8898-b8d4-454d-9ea4-05c5480b22af"}}
[debug] [2026-04-01T20:29:39.162Z] <<< [apiv2][status] GET https://cloudfunctions.googleapis.com/v1/operations/c3BpbGxsbC91cy1jZW50cmFsMS91cGxvYWRMaXZlUG9kY2FzdENvdmVyL2tEZVlLN0dhZjdJ 200
[debug] [2026-04-01T20:29:39.162Z] <<< [apiv2][body] GET https://cloudfunctions.googleapis.com/v1/operations/c3BpbGxsbC91cy1jZW50cmFsMS91cGxvYWRMaXZlUG9kY2FzdENvdmVyL2tEZVlLN0dhZjdJ {"name":"operations/c3BpbGxsbC91cy1jZW50cmFsMS91cGxvYWRMaXZlUG9kY2FzdENvdmVyL2tEZVlLN0dhZjdJ","metadata":{"@type":"type.googleapis.com/google.cloud.functions.v1.OperationMetadataV1","target":"projects/spillll/locations/us-central1/functions/uploadLivePodcastCover","type":"UPDATE_FUNCTION","request":{"@type":"type.googleapis.com/google.cloud.functions.v1.CloudFunction","name":"projects/spillll/locations/us-central1/functions/uploadLivePodcastCover","httpsTrigger":{"url":"https://us-central1-spillll.cloudfunctions.net/uploadLivePodcastCover","securityLevel":"SECURE_ALWAYS"},"status":"ACTIVE","entryPoint":"uploadLivePodcastCover","timeout":"300s","availableMemoryMb":1024,"updateTime":"2026-04-01T19:58:51.488Z","versionId":"5","labels":{"deployment-tool":"cli-firebase","deployment-callable":"true","firebase-functions-hash":"24e20cb46937b3f88efeb23827eacac843fccc18"},"sourceUploadUrl":"https://storage.googleapis.com/uploads-216752605292.us-central1.cloudfunctions.appspot.com/28f90a99-2eaa-4db8-b5f1-d4e2be986d8a.zip?GoogleAccessId=service-556048303589@gcf-admin-robot.iam.gserviceaccount.com&Expires=1775077169&Signature=SuL09lGYpTgrgfGBcS%2FKZvX8z2G3n9lOPVfXFTH3Lsg9tMUWJZpnQ6F74%2By4NQUL6LMGoySsJ6a9w%2Frb9jwKq6140OT6066fanukU%2B1LS8dhEAuRg6eKGHi2FmEMEWTB7JfJr%2FydlgR7QYHKBcbREj1dRPz8oSlrxtETnTczls5ADxbyM%2BiYGnMkGEXZh%2FlWv6nptDJYzkly6zR4JBTDTF%2F7ZLA1OCsZ16lIIkiZRG4S5JjAeN4eMKB9YbFpGDpT%2BrWLN0aXSYLMS3Pzrvste3YMAaYW7timwlhjpeP7YC179CZpGCszujuoYR4ae79rOc%2BOwLEWKVu%2BGdt1MXYm%2FQ%3D%3D","environmentVariables":{"FIREBASE_CONFIG":"{\"projectId\":\"spillll\",\"storageBucket\":\"spillll.firebasestorage.app\"}","GCLOUD_PROJECT":"spillll","EVENTARC_CLOUD_EVENT_SOURCE":"projects/spillll/locations/us-central1/functions/uploadLivePodcastCover"},"runtime":"nodejs22","buildId":"99ca2b43-537d-4d86-a71f-84cdd790dcea","buildEnvironmentVariables":{"GOOGLE_NODE_RUN_SCRIPTS":""},"buildName":"projects/556048303589/locations/us-central1/builds/99ca2b43-537d-4d86-a71f-84cdd790dcea","dockerRegistry":"ARTIFACT_REGISTRY","automaticUpdatePolicy":{},"buildServiceAccount":"projects/spillll/serviceAccounts/556048303589-compute@developer.gserviceaccount.com"},"versionId":"6","updateTime":"2026-04-01T20:29:30Z","buildId":"0493c304-f251-4835-b11b-ce0ac76678d7","buildName":"projects/556048303589/locations/us-central1/builds/0493c304-f251-4835-b11b-ce0ac76678d7"}}
[debug] [2026-04-01T20:29:39.164Z] <<< [apiv2][status] GET https://cloudfunctions.googleapis.com/v1/operations/c3BpbGxsbC91cy1jZW50cmFsMS9zdGFydExpdmVQb2RjYXN0Um9vbS9zalliNUs5RDdCQQ 200
[debug] [2026-04-01T20:29:39.164Z] <<< [apiv2][body] GET https://cloudfunctions.googleapis.com/v1/operations/c3BpbGxsbC91cy1jZW50cmFsMS9zdGFydExpdmVQb2RjYXN0Um9vbS9zalliNUs5RDdCQQ {"name":"operations/c3BpbGxsbC91cy1jZW50cmFsMS9zdGFydExpdmVQb2RjYXN0Um9vbS9zalliNUs5RDdCQQ","metadata":{"@type":"type.googleapis.com/google.cloud.functions.v1.OperationMetadataV1","target":"projects/spillll/locations/us-central1/functions/startLivePodcastRoom","type":"UPDATE_FUNCTION","request":{"@type":"type.googleapis.com/google.cloud.functions.v1.CloudFunction","name":"projects/spillll/locations/us-central1/functions/startLivePodcastRoom","httpsTrigger":{"url":"https://us-central1-spillll.cloudfunctions.net/startLivePodcastRoom","securityLevel":"SECURE_ALWAYS"},"status":"ACTIVE","entryPoint":"startLivePodcastRoom","timeout":"120s","availableMemoryMb":512,"updateTime":"2026-04-01T19:58:49.980Z","versionId":"7","labels":{"deployment-tool":"cli-firebase","deployment-callable":"true","firebase-functions-hash":"24e20cb46937b3f88efeb23827eacac843fccc18"},"sourceUploadUrl":"https://storage.googleapis.com/uploads-216752605292.us-central1.cloudfunctions.appspot.com/28f90a99-2eaa-4db8-b5f1-d4e2be986d8a.zip?GoogleAccessId=service-556048303589@gcf-admin-robot.iam.gserviceaccount.com&Expires=1775077169&Signature=SuL09lGYpTgrgfGBcS%2FKZvX8z2G3n9lOPVfXFTH3Lsg9tMUWJZpnQ6F74%2By4NQUL6LMGoySsJ6a9w%2Frb9jwKq6140OT6066fanukU%2B1LS8dhEAuRg6eKGHi2FmEMEWTB7JfJr%2FydlgR7QYHKBcbREj1dRPz8oSlrxtETnTczls5ADxbyM%2BiYGnMkGEXZh%2FlWv6nptDJYzkly6zR4JBTDTF%2F7ZLA1OCsZ16lIIkiZRG4S5JjAeN4eMKB9YbFpGDpT%2BrWLN0aXSYLMS3Pzrvste3YMAaYW7timwlhjpeP7YC179CZpGCszujuoYR4ae79rOc%2BOwLEWKVu%2BGdt1MXYm%2FQ%3D%3D","environmentVariables":{"FIREBASE_CONFIG":"{\"projectId\":\"spillll\",\"storageBucket\":\"spillll.firebasestorage.app\"}","GCLOUD_PROJECT":"spillll","EVENTARC_CLOUD_EVENT_SOURCE":"projects/spillll/locations/us-central1/functions/startLivePodcastRoom"},"runtime":"nodejs22","buildId":"cf7c6376-b7e0-4a8a-9ef9-3fd29a4f35cb","buildEnvironmentVariables":{"GOOGLE_NODE_RUN_SCRIPTS":""},"buildName":"projects/556048303589/locations/us-central1/builds/cf7c6376-b7e0-4a8a-9ef9-3fd29a4f35cb","dockerRegistry":"ARTIFACT_REGISTRY","automaticUpdatePolicy":{},"buildServiceAccount":"projects/spillll/serviceAccounts/556048303589-compute@developer.gserviceaccount.com"},"versionId":"8","updateTime":"2026-04-01T20:29:30Z","buildId":"b2345abd-f7ab-4e77-8a18-7f386ef2daad","buildName":"projects/556048303589/locations/us-central1/builds/b2345abd-f7ab-4e77-8a18-7f386ef2daad"}}
[debug] [2026-04-01T20:29:47.149Z] [update-default-us-central1-checkPostToxicity] Retrying task index 0
[debug] [2026-04-01T20:29:47.150Z] Checked if tokens are valid: true, expires at: 1775077054830
[debug] [2026-04-01T20:29:47.150Z] Checked if tokens are valid: true, expires at: 1775077054830
[debug] [2026-04-01T20:29:47.150Z] >>> [apiv2][query] GET https://cloudfunctions.googleapis.com/v1/operations/c3BpbGxsbC91cy1jZW50cmFsMS9jaGVja1Bvc3RUb3hpY2l0eS9mWk9Ld0hDOGEySQ [none]
[debug] [2026-04-01T20:29:47.163Z] [update-default-us-central1-uploadLivePodcastCover] Retrying task index 0
[debug] [2026-04-01T20:29:47.164Z] Checked if tokens are valid: true, expires at: 1775077054830
[debug] [2026-04-01T20:29:47.164Z] Checked if tokens are valid: true, expires at: 1775077054830
[debug] [2026-04-01T20:29:47.164Z] >>> [apiv2][query] GET https://cloudfunctions.googleapis.com/v1/operations/c3BpbGxsbC91cy1jZW50cmFsMS91cGxvYWRMaXZlUG9kY2FzdENvdmVyL2tEZVlLN0dhZjdJ [none]
[debug] [2026-04-01T20:29:47.166Z] [update-default-us-central1-startLivePodcastRoom] Retrying task index 0
[debug] [2026-04-01T20:29:47.166Z] Checked if tokens are valid: true, expires at: 1775077054830
[debug] [2026-04-01T20:29:47.166Z] Checked if tokens are valid: true, expires at: 1775077054830
[debug] [2026-04-01T20:29:47.166Z] >>> [apiv2][query] GET https://cloudfunctions.googleapis.com/v1/operations/c3BpbGxsbC91cy1jZW50cmFsMS9zdGFydExpdmVQb2RjYXN0Um9vbS9zalliNUs5RDdCQQ [none]
[debug] [2026-04-01T20:29:47.371Z] <<< [apiv2][status] GET https://cloudfunctions.googleapis.com/v1/operations/c3BpbGxsbC91cy1jZW50cmFsMS9jaGVja1Bvc3RUb3hpY2l0eS9mWk9Ld0hDOGEySQ 200
[debug] [2026-04-01T20:29:47.371Z] <<< [apiv2][body] GET https://cloudfunctions.googleapis.com/v1/operations/c3BpbGxsbC91cy1jZW50cmFsMS9jaGVja1Bvc3RUb3hpY2l0eS9mWk9Ld0hDOGEySQ {"name":"operations/c3BpbGxsbC91cy1jZW50cmFsMS9jaGVja1Bvc3RUb3hpY2l0eS9mWk9Ld0hDOGEySQ","metadata":{"@type":"type.googleapis.com/google.cloud.functions.v1.OperationMetadataV1","target":"projects/spillll/locations/us-central1/functions/checkPostToxicity","type":"UPDATE_FUNCTION","request":{"@type":"type.googleapis.com/google.cloud.functions.v1.CloudFunction","name":"projects/spillll/locations/us-central1/functions/checkPostToxicity","eventTrigger":{"eventType":"providers/cloud.firestore/eventTypes/document.create","resource":"projects/spillll/databases/(default)/documents/posts/{postId}","service":"firestore.googleapis.com"},"status":"ACTIVE","entryPoint":"checkPostToxicity","timeout":"30s","updateTime":"2026-04-01T19:58:57.741Z","versionId":"20","labels":{"deployment-tool":"cli-firebase","firebase-functions-hash":"24e20cb46937b3f88efeb23827eacac843fccc18"},"sourceUploadUrl":"https://storage.googleapis.com/uploads-216752605292.us-central1.cloudfunctions.appspot.com/28f90a99-2eaa-4db8-b5f1-d4e2be986d8a.zip?GoogleAccessId=service-556048303589@gcf-admin-robot.iam.gserviceaccount.com&Expires=1775077169&Signature=SuL09lGYpTgrgfGBcS%2FKZvX8z2G3n9lOPVfXFTH3Lsg9tMUWJZpnQ6F74%2By4NQUL6LMGoySsJ6a9w%2Frb9jwKq6140OT6066fanukU%2B1LS8dhEAuRg6eKGHi2FmEMEWTB7JfJr%2FydlgR7QYHKBcbREj1dRPz8oSlrxtETnTczls5ADxbyM%2BiYGnMkGEXZh%2FlWv6nptDJYzkly6zR4JBTDTF%2F7ZLA1OCsZ16lIIkiZRG4S5JjAeN4eMKB9YbFpGDpT%2BrWLN0aXSYLMS3Pzrvste3YMAaYW7timwlhjpeP7YC179CZpGCszujuoYR4ae79rOc%2BOwLEWKVu%2BGdt1MXYm%2FQ%3D%3D","environmentVariables":{"FIREBASE_CONFIG":"{\"projectId\":\"spillll\",\"storageBucket\":\"spillll.firebasestorage.app\"}","GCLOUD_PROJECT":"spillll","EVENTARC_CLOUD_EVENT_SOURCE":"projects/spillll/locations/us-central1/functions/checkPostToxicity"},"runtime":"nodejs22","buildId":"19cb571c-67f4-420b-a25d-17f50b708cd2","buildEnvironmentVariables":{"GOOGLE_NODE_RUN_SCRIPTS":""},"buildName":"projects/556048303589/locations/us-central1/builds/19cb571c-67f4-420b-a25d-17f50b708cd2","dockerRegistry":"ARTIFACT_REGISTRY","automaticUpdatePolicy":{},"buildServiceAccount":"projects/spillll/serviceAccounts/556048303589-compute@developer.gserviceaccount.com"},"versionId":"21","updateTime":"2026-04-01T20:29:30Z","buildId":"e04f8898-b8d4-454d-9ea4-05c5480b22af","buildName":"projects/556048303589/locations/us-central1/builds/e04f8898-b8d4-454d-9ea4-05c5480b22af"}}
[debug] [2026-04-01T20:29:47.380Z] <<< [apiv2][status] GET https://cloudfunctions.googleapis.com/v1/operations/c3BpbGxsbC91cy1jZW50cmFsMS91cGxvYWRMaXZlUG9kY2FzdENvdmVyL2tEZVlLN0dhZjdJ 200
[debug] [2026-04-01T20:29:47.381Z] <<< [apiv2][body] GET https://cloudfunctions.googleapis.com/v1/operations/c3BpbGxsbC91cy1jZW50cmFsMS91cGxvYWRMaXZlUG9kY2FzdENvdmVyL2tEZVlLN0dhZjdJ {"name":"operations/c3BpbGxsbC91cy1jZW50cmFsMS91cGxvYWRMaXZlUG9kY2FzdENvdmVyL2tEZVlLN0dhZjdJ","metadata":{"@type":"type.googleapis.com/google.cloud.functions.v1.OperationMetadataV1","target":"projects/spillll/locations/us-central1/functions/uploadLivePodcastCover","type":"UPDATE_FUNCTION","request":{"@type":"type.googleapis.com/google.cloud.functions.v1.CloudFunction","name":"projects/spillll/locations/us-central1/functions/uploadLivePodcastCover","httpsTrigger":{"url":"https://us-central1-spillll.cloudfunctions.net/uploadLivePodcastCover","securityLevel":"SECURE_ALWAYS"},"status":"ACTIVE","entryPoint":"uploadLivePodcastCover","timeout":"300s","availableMemoryMb":1024,"updateTime":"2026-04-01T19:58:51.488Z","versionId":"5","labels":{"deployment-tool":"cli-firebase","deployment-callable":"true","firebase-functions-hash":"24e20cb46937b3f88efeb23827eacac843fccc18"},"sourceUploadUrl":"https://storage.googleapis.com/uploads-216752605292.us-central1.cloudfunctions.appspot.com/28f90a99-2eaa-4db8-b5f1-d4e2be986d8a.zip?GoogleAccessId=service-556048303589@gcf-admin-robot.iam.gserviceaccount.com&Expires=1775077169&Signature=SuL09lGYpTgrgfGBcS%2FKZvX8z2G3n9lOPVfXFTH3Lsg9tMUWJZpnQ6F74%2By4NQUL6LMGoySsJ6a9w%2Frb9jwKq6140OT6066fanukU%2B1LS8dhEAuRg6eKGHi2FmEMEWTB7JfJr%2FydlgR7QYHKBcbREj1dRPz8oSlrxtETnTczls5ADxbyM%2BiYGnMkGEXZh%2FlWv6nptDJYzkly6zR4JBTDTF%2F7ZLA1OCsZ16lIIkiZRG4S5JjAeN4eMKB9YbFpGDpT%2BrWLN0aXSYLMS3Pzrvste3YMAaYW7timwlhjpeP7YC179CZpGCszujuoYR4ae79rOc%2BOwLEWKVu%2BGdt1MXYm%2FQ%3D%3D","environmentVariables":{"FIREBASE_CONFIG":"{\"projectId\":\"spillll\",\"storageBucket\":\"spillll.firebasestorage.app\"}","GCLOUD_PROJECT":"spillll","EVENTARC_CLOUD_EVENT_SOURCE":"projects/spillll/locations/us-central1/functions/uploadLivePodcastCover"},"runtime":"nodejs22","buildId":"99ca2b43-537d-4d86-a71f-84cdd790dcea","buildEnvironmentVariables":{"GOOGLE_NODE_RUN_SCRIPTS":""},"buildName":"projects/556048303589/locations/us-central1/builds/99ca2b43-537d-4d86-a71f-84cdd790dcea","dockerRegistry":"ARTIFACT_REGISTRY","automaticUpdatePolicy":{},"buildServiceAccount":"projects/spillll/serviceAccounts/556048303589-compute@developer.gserviceaccount.com"},"versionId":"6","updateTime":"2026-04-01T20:29:30Z","buildId":"0493c304-f251-4835-b11b-ce0ac76678d7","buildName":"projects/556048303589/locations/us-central1/builds/0493c304-f251-4835-b11b-ce0ac76678d7"}}
[debug] [2026-04-01T20:29:47.381Z] <<< [apiv2][status] GET https://cloudfunctions.googleapis.com/v1/operations/c3BpbGxsbC91cy1jZW50cmFsMS9zdGFydExpdmVQb2RjYXN0Um9vbS9zalliNUs5RDdCQQ 200
[debug] [2026-04-01T20:29:47.381Z] <<< [apiv2][body] GET https://cloudfunctions.googleapis.com/v1/operations/c3BpbGxsbC91cy1jZW50cmFsMS9zdGFydExpdmVQb2RjYXN0Um9vbS9zalliNUs5RDdCQQ {"name":"operations/c3BpbGxsbC91cy1jZW50cmFsMS9zdGFydExpdmVQb2RjYXN0Um9vbS9zalliNUs5RDdCQQ","metadata":{"@type":"type.googleapis.com/google.cloud.functions.v1.OperationMetadataV1","target":"projects/spillll/locations/us-central1/functions/startLivePodcastRoom","type":"UPDATE_FUNCTION","request":{"@type":"type.googleapis.com/google.cloud.functions.v1.CloudFunction","name":"projects/spillll/locations/us-central1/functions/startLivePodcastRoom","httpsTrigger":{"url":"https://us-central1-spillll.cloudfunctions.net/startLivePodcastRoom","securityLevel":"SECURE_ALWAYS"},"status":"ACTIVE","entryPoint":"startLivePodcastRoom","timeout":"120s","availableMemoryMb":512,"updateTime":"2026-04-01T19:58:49.980Z","versionId":"7","labels":{"deployment-tool":"cli-firebase","deployment-callable":"true","firebase-functions-hash":"24e20cb46937b3f88efeb23827eacac843fccc18"},"sourceUploadUrl":"https://storage.googleapis.com/uploads-216752605292.us-central1.cloudfunctions.appspot.com/28f90a99-2eaa-4db8-b5f1-d4e2be986d8a.zip?GoogleAccessId=service-556048303589@gcf-admin-robot.iam.gserviceaccount.com&Expires=1775077169&Signature=SuL09lGYpTgrgfGBcS%2FKZvX8z2G3n9lOPVfXFTH3Lsg9tMUWJZpnQ6F74%2By4NQUL6LMGoySsJ6a9w%2Frb9jwKq6140OT6066fanukU%2B1LS8dhEAuRg6eKGHi2FmEMEWTB7JfJr%2FydlgR7QYHKBcbREj1dRPz8oSlrxtETnTczls5ADxbyM%2BiYGnMkGEXZh%2FlWv6nptDJYzkly6zR4JBTDTF%2F7ZLA1OCsZ16lIIkiZRG4S5JjAeN4eMKB9YbFpGDpT%2BrWLN0aXSYLMS3Pzrvste3YMAaYW7timwlhjpeP7YC179CZpGCszujuoYR4ae79rOc%2BOwLEWKVu%2BGdt1MXYm%2FQ%3D%3D","environmentVariables":{"FIREBASE_CONFIG":"{\"projectId\":\"spillll\",\"storageBucket\":\"spillll.firebasestorage.app\"}","GCLOUD_PROJECT":"spillll","EVENTARC_CLOUD_EVENT_SOURCE":"projects/spillll/locations/us-central1/functions/startLivePodcastRoom"},"runtime":"nodejs22","buildId":"cf7c6376-b7e0-4a8a-9ef9-3fd29a4f35cb","buildEnvironmentVariables":{"GOOGLE_NODE_RUN_SCRIPTS":""},"buildName":"projects/556048303589/locations/us-central1/builds/cf7c6376-b7e0-4a8a-9ef9-3fd29a4f35cb","dockerRegistry":"ARTIFACT_REGISTRY","automaticUpdatePolicy":{},"buildServiceAccount":"projects/spillll/serviceAccounts/556048303589-compute@developer.gserviceaccount.com"},"versionId":"8","updateTime":"2026-04-01T20:29:30Z","buildId":"b2345abd-f7ab-4e77-8a18-7f386ef2daad","buildName":"projects/556048303589/locations/us-central1/builds/b2345abd-f7ab-4e77-8a18-7f386ef2daad"}}
[debug] [2026-04-01T20:29:57.372Z] [update-default-us-central1-checkPostToxicity] Retrying task index 0
[debug] [2026-04-01T20:29:57.373Z] Checked if tokens are valid: true, expires at: 1775077054830
[debug] [2026-04-01T20:29:57.373Z] Checked if tokens are valid: true, expires at: 1775077054830
[debug] [2026-04-01T20:29:57.373Z] >>> [apiv2][query] GET https://cloudfunctions.googleapis.com/v1/operations/c3BpbGxsbC91cy1jZW50cmFsMS9jaGVja1Bvc3RUb3hpY2l0eS9mWk9Ld0hDOGEySQ [none]
[debug] [2026-04-01T20:29:57.381Z] [update-default-us-central1-uploadLivePodcastCover] Retrying task index 0
[debug] [2026-04-01T20:29:57.382Z] Checked if tokens are valid: true, expires at: 1775077054830
[debug] [2026-04-01T20:29:57.382Z] Checked if tokens are valid: true, expires at: 1775077054830
[debug] [2026-04-01T20:29:57.382Z] >>> [apiv2][query] GET https://cloudfunctions.googleapis.com/v1/operations/c3BpbGxsbC91cy1jZW50cmFsMS91cGxvYWRMaXZlUG9kY2FzdENvdmVyL2tEZVlLN0dhZjdJ [none]
[debug] [2026-04-01T20:29:57.384Z] [update-default-us-central1-startLivePodcastRoom] Retrying task index 0
[debug] [2026-04-01T20:29:57.384Z] Checked if tokens are valid: true, expires at: 1775077054830
[debug] [2026-04-01T20:29:57.384Z] Checked if tokens are valid: true, expires at: 1775077054830
[debug] [2026-04-01T20:29:57.384Z] >>> [apiv2][query] GET https://cloudfunctions.googleapis.com/v1/operations/c3BpbGxsbC91cy1jZW50cmFsMS9zdGFydExpdmVQb2RjYXN0Um9vbS9zalliNUs5RDdCQQ [none]
[debug] [2026-04-01T20:29:57.584Z] <<< [apiv2][status] GET https://cloudfunctions.googleapis.com/v1/operations/c3BpbGxsbC91cy1jZW50cmFsMS91cGxvYWRMaXZlUG9kY2FzdENvdmVyL2tEZVlLN0dhZjdJ 200
[debug] [2026-04-01T20:29:57.584Z] <<< [apiv2][body] GET https://cloudfunctions.googleapis.com/v1/operations/c3BpbGxsbC91cy1jZW50cmFsMS91cGxvYWRMaXZlUG9kY2FzdENvdmVyL2tEZVlLN0dhZjdJ {"name":"operations/c3BpbGxsbC91cy1jZW50cmFsMS91cGxvYWRMaXZlUG9kY2FzdENvdmVyL2tEZVlLN0dhZjdJ","metadata":{"@type":"type.googleapis.com/google.cloud.functions.v1.OperationMetadataV1","target":"projects/spillll/locations/us-central1/functions/uploadLivePodcastCover","type":"UPDATE_FUNCTION","request":{"@type":"type.googleapis.com/google.cloud.functions.v1.CloudFunction","name":"projects/spillll/locations/us-central1/functions/uploadLivePodcastCover","httpsTrigger":{"url":"https://us-central1-spillll.cloudfunctions.net/uploadLivePodcastCover","securityLevel":"SECURE_ALWAYS"},"status":"ACTIVE","entryPoint":"uploadLivePodcastCover","timeout":"300s","availableMemoryMb":1024,"updateTime":"2026-04-01T19:58:51.488Z","versionId":"5","labels":{"deployment-tool":"cli-firebase","deployment-callable":"true","firebase-functions-hash":"24e20cb46937b3f88efeb23827eacac843fccc18"},"sourceUploadUrl":"https://storage.googleapis.com/uploads-216752605292.us-central1.cloudfunctions.appspot.com/28f90a99-2eaa-4db8-b5f1-d4e2be986d8a.zip?GoogleAccessId=service-556048303589@gcf-admin-robot.iam.gserviceaccount.com&Expires=1775077169&Signature=SuL09lGYpTgrgfGBcS%2FKZvX8z2G3n9lOPVfXFTH3Lsg9tMUWJZpnQ6F74%2By4NQUL6LMGoySsJ6a9w%2Frb9jwKq6140OT6066fanukU%2B1LS8dhEAuRg6eKGHi2FmEMEWTB7JfJr%2FydlgR7QYHKBcbREj1dRPz8oSlrxtETnTczls5ADxbyM%2BiYGnMkGEXZh%2FlWv6nptDJYzkly6zR4JBTDTF%2F7ZLA1OCsZ16lIIkiZRG4S5JjAeN4eMKB9YbFpGDpT%2BrWLN0aXSYLMS3Pzrvste3YMAaYW7timwlhjpeP7YC179CZpGCszujuoYR4ae79rOc%2BOwLEWKVu%2BGdt1MXYm%2FQ%3D%3D","environmentVariables":{"FIREBASE_CONFIG":"{\"projectId\":\"spillll\",\"storageBucket\":\"spillll.firebasestorage.app\"}","GCLOUD_PROJECT":"spillll","EVENTARC_CLOUD_EVENT_SOURCE":"projects/spillll/locations/us-central1/functions/uploadLivePodcastCover"},"runtime":"nodejs22","buildId":"99ca2b43-537d-4d86-a71f-84cdd790dcea","buildEnvironmentVariables":{"GOOGLE_NODE_RUN_SCRIPTS":""},"buildName":"projects/556048303589/locations/us-central1/builds/99ca2b43-537d-4d86-a71f-84cdd790dcea","dockerRegistry":"ARTIFACT_REGISTRY","automaticUpdatePolicy":{},"buildServiceAccount":"projects/spillll/serviceAccounts/556048303589-compute@developer.gserviceaccount.com"},"versionId":"6","updateTime":"2026-04-01T20:29:30Z","buildId":"0493c304-f251-4835-b11b-ce0ac76678d7","buildName":"projects/556048303589/locations/us-central1/builds/0493c304-f251-4835-b11b-ce0ac76678d7"}}
[debug] [2026-04-01T20:29:57.588Z] <<< [apiv2][status] GET https://cloudfunctions.googleapis.com/v1/operations/c3BpbGxsbC91cy1jZW50cmFsMS9jaGVja1Bvc3RUb3hpY2l0eS9mWk9Ld0hDOGEySQ 200
[debug] [2026-04-01T20:29:57.589Z] <<< [apiv2][body] GET https://cloudfunctions.googleapis.com/v1/operations/c3BpbGxsbC91cy1jZW50cmFsMS9jaGVja1Bvc3RUb3hpY2l0eS9mWk9Ld0hDOGEySQ {"name":"operations/c3BpbGxsbC91cy1jZW50cmFsMS9jaGVja1Bvc3RUb3hpY2l0eS9mWk9Ld0hDOGEySQ","metadata":{"@type":"type.googleapis.com/google.cloud.functions.v1.OperationMetadataV1","target":"projects/spillll/locations/us-central1/functions/checkPostToxicity","type":"UPDATE_FUNCTION","request":{"@type":"type.googleapis.com/google.cloud.functions.v1.CloudFunction","name":"projects/spillll/locations/us-central1/functions/checkPostToxicity","eventTrigger":{"eventType":"providers/cloud.firestore/eventTypes/document.create","resource":"projects/spillll/databases/(default)/documents/posts/{postId}","service":"firestore.googleapis.com"},"status":"ACTIVE","entryPoint":"checkPostToxicity","timeout":"30s","updateTime":"2026-04-01T19:58:57.741Z","versionId":"20","labels":{"deployment-tool":"cli-firebase","firebase-functions-hash":"24e20cb46937b3f88efeb23827eacac843fccc18"},"sourceUploadUrl":"https://storage.googleapis.com/uploads-216752605292.us-central1.cloudfunctions.appspot.com/28f90a99-2eaa-4db8-b5f1-d4e2be986d8a.zip?GoogleAccessId=service-556048303589@gcf-admin-robot.iam.gserviceaccount.com&Expires=1775077169&Signature=SuL09lGYpTgrgfGBcS%2FKZvX8z2G3n9lOPVfXFTH3Lsg9tMUWJZpnQ6F74%2By4NQUL6LMGoySsJ6a9w%2Frb9jwKq6140OT6066fanukU%2B1LS8dhEAuRg6eKGHi2FmEMEWTB7JfJr%2FydlgR7QYHKBcbREj1dRPz8oSlrxtETnTczls5ADxbyM%2BiYGnMkGEXZh%2FlWv6nptDJYzkly6zR4JBTDTF%2F7ZLA1OCsZ16lIIkiZRG4S5JjAeN4eMKB9YbFpGDpT%2BrWLN0aXSYLMS3Pzrvste3YMAaYW7timwlhjpeP7YC179CZpGCszujuoYR4ae79rOc%2BOwLEWKVu%2BGdt1MXYm%2FQ%3D%3D","environmentVariables":{"FIREBASE_CONFIG":"{\"projectId\":\"spillll\",\"storageBucket\":\"spillll.firebasestorage.app\"}","GCLOUD_PROJECT":"spillll","EVENTARC_CLOUD_EVENT_SOURCE":"projects/spillll/locations/us-central1/functions/checkPostToxicity"},"runtime":"nodejs22","buildId":"19cb571c-67f4-420b-a25d-17f50b708cd2","buildEnvironmentVariables":{"GOOGLE_NODE_RUN_SCRIPTS":""},"buildName":"projects/556048303589/locations/us-central1/builds/19cb571c-67f4-420b-a25d-17f50b708cd2","dockerRegistry":"ARTIFACT_REGISTRY","automaticUpdatePolicy":{},"buildServiceAccount":"projects/spillll/serviceAccounts/556048303589-compute@developer.gserviceaccount.com"},"versionId":"21","updateTime":"2026-04-01T20:29:30Z","buildId":"e04f8898-b8d4-454d-9ea4-05c5480b22af","buildName":"projects/556048303589/locations/us-central1/builds/e04f8898-b8d4-454d-9ea4-05c5480b22af"}}
[debug] [2026-04-01T20:29:57.596Z] <<< [apiv2][status] GET https://cloudfunctions.googleapis.com/v1/operations/c3BpbGxsbC91cy1jZW50cmFsMS9zdGFydExpdmVQb2RjYXN0Um9vbS9zalliNUs5RDdCQQ 200
[debug] [2026-04-01T20:29:57.596Z] <<< [apiv2][body] GET https://cloudfunctions.googleapis.com/v1/operations/c3BpbGxsbC91cy1jZW50cmFsMS9zdGFydExpdmVQb2RjYXN0Um9vbS9zalliNUs5RDdCQQ {"name":"operations/c3BpbGxsbC91cy1jZW50cmFsMS9zdGFydExpdmVQb2RjYXN0Um9vbS9zalliNUs5RDdCQQ","metadata":{"@type":"type.googleapis.com/google.cloud.functions.v1.OperationMetadataV1","target":"projects/spillll/locations/us-central1/functions/startLivePodcastRoom","type":"UPDATE_FUNCTION","request":{"@type":"type.googleapis.com/google.cloud.functions.v1.CloudFunction","name":"projects/spillll/locations/us-central1/functions/startLivePodcastRoom","httpsTrigger":{"url":"https://us-central1-spillll.cloudfunctions.net/startLivePodcastRoom","securityLevel":"SECURE_ALWAYS"},"status":"ACTIVE","entryPoint":"startLivePodcastRoom","timeout":"120s","availableMemoryMb":512,"updateTime":"2026-04-01T19:58:49.980Z","versionId":"7","labels":{"deployment-tool":"cli-firebase","deployment-callable":"true","firebase-functions-hash":"24e20cb46937b3f88efeb23827eacac843fccc18"},"sourceUploadUrl":"https://storage.googleapis.com/uploads-216752605292.us-central1.cloudfunctions.appspot.com/28f90a99-2eaa-4db8-b5f1-d4e2be986d8a.zip?GoogleAccessId=service-556048303589@gcf-admin-robot.iam.gserviceaccount.com&Expires=1775077169&Signature=SuL09lGYpTgrgfGBcS%2FKZvX8z2G3n9lOPVfXFTH3Lsg9tMUWJZpnQ6F74%2By4NQUL6LMGoySsJ6a9w%2Frb9jwKq6140OT6066fanukU%2B1LS8dhEAuRg6eKGHi2FmEMEWTB7JfJr%2FydlgR7QYHKBcbREj1dRPz8oSlrxtETnTczls5ADxbyM%2BiYGnMkGEXZh%2FlWv6nptDJYzkly6zR4JBTDTF%2F7ZLA1OCsZ16lIIkiZRG4S5JjAeN4eMKB9YbFpGDpT%2BrWLN0aXSYLMS3Pzrvste3YMAaYW7timwlhjpeP7YC179CZpGCszujuoYR4ae79rOc%2BOwLEWKVu%2BGdt1MXYm%2FQ%3D%3D","environmentVariables":{"FIREBASE_CONFIG":"{\"projectId\":\"spillll\",\"storageBucket\":\"spillll.firebasestorage.app\"}","GCLOUD_PROJECT":"spillll","EVENTARC_CLOUD_EVENT_SOURCE":"projects/spillll/locations/us-central1/functions/startLivePodcastRoom"},"runtime":"nodejs22","buildId":"cf7c6376-b7e0-4a8a-9ef9-3fd29a4f35cb","buildEnvironmentVariables":{"GOOGLE_NODE_RUN_SCRIPTS":""},"buildName":"projects/556048303589/locations/us-central1/builds/cf7c6376-b7e0-4a8a-9ef9-3fd29a4f35cb","dockerRegistry":"ARTIFACT_REGISTRY","automaticUpdatePolicy":{},"buildServiceAccount":"projects/spillll/serviceAccounts/556048303589-compute@developer.gserviceaccount.com"},"versionId":"8","updateTime":"2026-04-01T20:29:30Z","buildId":"b2345abd-f7ab-4e77-8a18-7f386ef2daad","buildName":"projects/556048303589/locations/us-central1/builds/b2345abd-f7ab-4e77-8a18-7f386ef2daad"}}
[debug] [2026-04-01T20:30:07.586Z] [update-default-us-central1-uploadLivePodcastCover] Retrying task index 0
[debug] [2026-04-01T20:30:07.586Z] Checked if tokens are valid: true, expires at: 1775077054830
[debug] [2026-04-01T20:30:07.586Z] Checked if tokens are valid: true, expires at: 1775077054830
[debug] [2026-04-01T20:30:07.586Z] >>> [apiv2][query] GET https://cloudfunctions.googleapis.com/v1/operations/c3BpbGxsbC91cy1jZW50cmFsMS91cGxvYWRMaXZlUG9kY2FzdENvdmVyL2tEZVlLN0dhZjdJ [none]
[debug] [2026-04-01T20:30:07.589Z] [update-default-us-central1-checkPostToxicity] Retrying task index 0
[debug] [2026-04-01T20:30:07.589Z] Checked if tokens are valid: true, expires at: 1775077054830
[debug] [2026-04-01T20:30:07.589Z] Checked if tokens are valid: true, expires at: 1775077054830
[debug] [2026-04-01T20:30:07.590Z] >>> [apiv2][query] GET https://cloudfunctions.googleapis.com/v1/operations/c3BpbGxsbC91cy1jZW50cmFsMS9jaGVja1Bvc3RUb3hpY2l0eS9mWk9Ld0hDOGEySQ [none]
[debug] [2026-04-01T20:30:07.598Z] [update-default-us-central1-startLivePodcastRoom] Retrying task index 0
[debug] [2026-04-01T20:30:07.598Z] Checked if tokens are valid: true, expires at: 1775077054830
[debug] [2026-04-01T20:30:07.598Z] Checked if tokens are valid: true, expires at: 1775077054830
[debug] [2026-04-01T20:30:07.598Z] >>> [apiv2][query] GET https://cloudfunctions.googleapis.com/v1/operations/c3BpbGxsbC91cy1jZW50cmFsMS9zdGFydExpdmVQb2RjYXN0Um9vbS9zalliNUs5RDdCQQ [none]
[debug] [2026-04-01T20:30:07.795Z] <<< [apiv2][status] GET https://cloudfunctions.googleapis.com/v1/operations/c3BpbGxsbC91cy1jZW50cmFsMS9jaGVja1Bvc3RUb3hpY2l0eS9mWk9Ld0hDOGEySQ 200
[debug] [2026-04-01T20:30:07.795Z] <<< [apiv2][body] GET https://cloudfunctions.googleapis.com/v1/operations/c3BpbGxsbC91cy1jZW50cmFsMS9jaGVja1Bvc3RUb3hpY2l0eS9mWk9Ld0hDOGEySQ {"name":"operations/c3BpbGxsbC91cy1jZW50cmFsMS9jaGVja1Bvc3RUb3hpY2l0eS9mWk9Ld0hDOGEySQ","metadata":{"@type":"type.googleapis.com/google.cloud.functions.v1.OperationMetadataV1","target":"projects/spillll/locations/us-central1/functions/checkPostToxicity","type":"UPDATE_FUNCTION","request":{"@type":"type.googleapis.com/google.cloud.functions.v1.CloudFunction","name":"projects/spillll/locations/us-central1/functions/checkPostToxicity","eventTrigger":{"eventType":"providers/cloud.firestore/eventTypes/document.create","resource":"projects/spillll/databases/(default)/documents/posts/{postId}","service":"firestore.googleapis.com"},"status":"ACTIVE","entryPoint":"checkPostToxicity","timeout":"30s","updateTime":"2026-04-01T19:58:57.741Z","versionId":"20","labels":{"deployment-tool":"cli-firebase","firebase-functions-hash":"24e20cb46937b3f88efeb23827eacac843fccc18"},"sourceUploadUrl":"https://storage.googleapis.com/uploads-216752605292.us-central1.cloudfunctions.appspot.com/28f90a99-2eaa-4db8-b5f1-d4e2be986d8a.zip?GoogleAccessId=service-556048303589@gcf-admin-robot.iam.gserviceaccount.com&Expires=1775077169&Signature=SuL09lGYpTgrgfGBcS%2FKZvX8z2G3n9lOPVfXFTH3Lsg9tMUWJZpnQ6F74%2By4NQUL6LMGoySsJ6a9w%2Frb9jwKq6140OT6066fanukU%2B1LS8dhEAuRg6eKGHi2FmEMEWTB7JfJr%2FydlgR7QYHKBcbREj1dRPz8oSlrxtETnTczls5ADxbyM%2BiYGnMkGEXZh%2FlWv6nptDJYzkly6zR4JBTDTF%2F7ZLA1OCsZ16lIIkiZRG4S5JjAeN4eMKB9YbFpGDpT%2BrWLN0aXSYLMS3Pzrvste3YMAaYW7timwlhjpeP7YC179CZpGCszujuoYR4ae79rOc%2BOwLEWKVu%2BGdt1MXYm%2FQ%3D%3D","environmentVariables":{"FIREBASE_CONFIG":"{\"projectId\":\"spillll\",\"storageBucket\":\"spillll.firebasestorage.app\"}","GCLOUD_PROJECT":"spillll","EVENTARC_CLOUD_EVENT_SOURCE":"projects/spillll/locations/us-central1/functions/checkPostToxicity"},"runtime":"nodejs22","buildId":"19cb571c-67f4-420b-a25d-17f50b708cd2","buildEnvironmentVariables":{"GOOGLE_NODE_RUN_SCRIPTS":""},"buildName":"projects/556048303589/locations/us-central1/builds/19cb571c-67f4-420b-a25d-17f50b708cd2","dockerRegistry":"ARTIFACT_REGISTRY","automaticUpdatePolicy":{},"buildServiceAccount":"projects/spillll/serviceAccounts/556048303589-compute@developer.gserviceaccount.com"},"versionId":"21","updateTime":"2026-04-01T20:29:30Z","buildId":"e04f8898-b8d4-454d-9ea4-05c5480b22af","buildName":"projects/556048303589/locations/us-central1/builds/e04f8898-b8d4-454d-9ea4-05c5480b22af"}}
[debug] [2026-04-01T20:30:07.796Z] <<< [apiv2][status] GET https://cloudfunctions.googleapis.com/v1/operations/c3BpbGxsbC91cy1jZW50cmFsMS91cGxvYWRMaXZlUG9kY2FzdENvdmVyL2tEZVlLN0dhZjdJ 200
[debug] [2026-04-01T20:30:07.796Z] <<< [apiv2][body] GET https://cloudfunctions.googleapis.com/v1/operations/c3BpbGxsbC91cy1jZW50cmFsMS91cGxvYWRMaXZlUG9kY2FzdENvdmVyL2tEZVlLN0dhZjdJ {"name":"operations/c3BpbGxsbC91cy1jZW50cmFsMS91cGxvYWRMaXZlUG9kY2FzdENvdmVyL2tEZVlLN0dhZjdJ","metadata":{"@type":"type.googleapis.com/google.cloud.functions.v1.OperationMetadataV1","target":"projects/spillll/locations/us-central1/functions/uploadLivePodcastCover","type":"UPDATE_FUNCTION","request":{"@type":"type.googleapis.com/google.cloud.functions.v1.CloudFunction","name":"projects/spillll/locations/us-central1/functions/uploadLivePodcastCover","httpsTrigger":{"url":"https://us-central1-spillll.cloudfunctions.net/uploadLivePodcastCover","securityLevel":"SECURE_ALWAYS"},"status":"ACTIVE","entryPoint":"uploadLivePodcastCover","timeout":"300s","availableMemoryMb":1024,"updateTime":"2026-04-01T19:58:51.488Z","versionId":"5","labels":{"deployment-tool":"cli-firebase","deployment-callable":"true","firebase-functions-hash":"24e20cb46937b3f88efeb23827eacac843fccc18"},"sourceUploadUrl":"https://storage.googleapis.com/uploads-216752605292.us-central1.cloudfunctions.appspot.com/28f90a99-2eaa-4db8-b5f1-d4e2be986d8a.zip?GoogleAccessId=service-556048303589@gcf-admin-robot.iam.gserviceaccount.com&Expires=1775077169&Signature=SuL09lGYpTgrgfGBcS%2FKZvX8z2G3n9lOPVfXFTH3Lsg9tMUWJZpnQ6F74%2By4NQUL6LMGoySsJ6a9w%2Frb9jwKq6140OT6066fanukU%2B1LS8dhEAuRg6eKGHi2FmEMEWTB7JfJr%2FydlgR7QYHKBcbREj1dRPz8oSlrxtETnTczls5ADxbyM%2BiYGnMkGEXZh%2FlWv6nptDJYzkly6zR4JBTDTF%2F7ZLA1OCsZ16lIIkiZRG4S5JjAeN4eMKB9YbFpGDpT%2BrWLN0aXSYLMS3Pzrvste3YMAaYW7timwlhjpeP7YC179CZpGCszujuoYR4ae79rOc%2BOwLEWKVu%2BGdt1MXYm%2FQ%3D%3D","environmentVariables":{"FIREBASE_CONFIG":"{\"projectId\":\"spillll\",\"storageBucket\":\"spillll.firebasestorage.app\"}","GCLOUD_PROJECT":"spillll","EVENTARC_CLOUD_EVENT_SOURCE":"projects/spillll/locations/us-central1/functions/uploadLivePodcastCover"},"runtime":"nodejs22","buildId":"99ca2b43-537d-4d86-a71f-84cdd790dcea","buildEnvironmentVariables":{"GOOGLE_NODE_RUN_SCRIPTS":""},"buildName":"projects/556048303589/locations/us-central1/builds/99ca2b43-537d-4d86-a71f-84cdd790dcea","dockerRegistry":"ARTIFACT_REGISTRY","automaticUpdatePolicy":{},"buildServiceAccount":"projects/spillll/serviceAccounts/556048303589-compute@developer.gserviceaccount.com"},"versionId":"6","updateTime":"2026-04-01T20:29:30Z","buildId":"0493c304-f251-4835-b11b-ce0ac76678d7","sourceToken":"eaba9160-1c61-4fc9-97f9-c0cb5bec73ab","buildName":"projects/556048303589/locations/us-central1/builds/0493c304-f251-4835-b11b-ce0ac76678d7"}}
[debug] [2026-04-01T20:30:07.796Z] Got source token eaba9160-1c61-4fc9-97f9-c0cb5bec73ab for region us-central1
[debug] [2026-04-01T20:30:07.797Z] <<< [apiv2][status] GET https://cloudfunctions.googleapis.com/v1/operations/c3BpbGxsbC91cy1jZW50cmFsMS9zdGFydExpdmVQb2RjYXN0Um9vbS9zalliNUs5RDdCQQ 200
[debug] [2026-04-01T20:30:07.797Z] <<< [apiv2][body] GET https://cloudfunctions.googleapis.com/v1/operations/c3BpbGxsbC91cy1jZW50cmFsMS9zdGFydExpdmVQb2RjYXN0Um9vbS9zalliNUs5RDdCQQ {"name":"operations/c3BpbGxsbC91cy1jZW50cmFsMS9zdGFydExpdmVQb2RjYXN0Um9vbS9zalliNUs5RDdCQQ","metadata":{"@type":"type.googleapis.com/google.cloud.functions.v1.OperationMetadataV1","target":"projects/spillll/locations/us-central1/functions/startLivePodcastRoom","type":"UPDATE_FUNCTION","request":{"@type":"type.googleapis.com/google.cloud.functions.v1.CloudFunction","name":"projects/spillll/locations/us-central1/functions/startLivePodcastRoom","httpsTrigger":{"url":"https://us-central1-spillll.cloudfunctions.net/startLivePodcastRoom","securityLevel":"SECURE_ALWAYS"},"status":"ACTIVE","entryPoint":"startLivePodcastRoom","timeout":"120s","availableMemoryMb":512,"updateTime":"2026-04-01T19:58:49.980Z","versionId":"7","labels":{"deployment-tool":"cli-firebase","deployment-callable":"true","firebase-functions-hash":"24e20cb46937b3f88efeb23827eacac843fccc18"},"sourceUploadUrl":"https://storage.googleapis.com/uploads-216752605292.us-central1.cloudfunctions.appspot.com/28f90a99-2eaa-4db8-b5f1-d4e2be986d8a.zip?GoogleAccessId=service-556048303589@gcf-admin-robot.iam.gserviceaccount.com&Expires=1775077169&Signature=SuL09lGYpTgrgfGBcS%2FKZvX8z2G3n9lOPVfXFTH3Lsg9tMUWJZpnQ6F74%2By4NQUL6LMGoySsJ6a9w%2Frb9jwKq6140OT6066fanukU%2B1LS8dhEAuRg6eKGHi2FmEMEWTB7JfJr%2FydlgR7QYHKBcbREj1dRPz8oSlrxtETnTczls5ADxbyM%2BiYGnMkGEXZh%2FlWv6nptDJYzkly6zR4JBTDTF%2F7ZLA1OCsZ16lIIkiZRG4S5JjAeN4eMKB9YbFpGDpT%2BrWLN0aXSYLMS3Pzrvste3YMAaYW7timwlhjpeP7YC179CZpGCszujuoYR4ae79rOc%2BOwLEWKVu%2BGdt1MXYm%2FQ%3D%3D","environmentVariables":{"FIREBASE_CONFIG":"{\"projectId\":\"spillll\",\"storageBucket\":\"spillll.firebasestorage.app\"}","GCLOUD_PROJECT":"spillll","EVENTARC_CLOUD_EVENT_SOURCE":"projects/spillll/locations/us-central1/functions/startLivePodcastRoom"},"runtime":"nodejs22","buildId":"cf7c6376-b7e0-4a8a-9ef9-3fd29a4f35cb","buildEnvironmentVariables":{"GOOGLE_NODE_RUN_SCRIPTS":""},"buildName":"projects/556048303589/locations/us-central1/builds/cf7c6376-b7e0-4a8a-9ef9-3fd29a4f35cb","dockerRegistry":"ARTIFACT_REGISTRY","automaticUpdatePolicy":{},"buildServiceAccount":"projects/spillll/serviceAccounts/556048303589-compute@developer.gserviceaccount.com"},"versionId":"8","updateTime":"2026-04-01T20:29:30Z","buildId":"b2345abd-f7ab-4e77-8a18-7f386ef2daad","buildName":"projects/556048303589/locations/us-central1/builds/b2345abd-f7ab-4e77-8a18-7f386ef2daad"}}
